-- MySQL dump 10.14  Distrib 5.5.33-MariaDB, for Linux (x86_64)
--
-- Host: localhost    Database: uzbk
-- ------------------------------------------------------
-- Server version	5.5.33-MariaDB

/*!40101 SET @OLD_CHARACTER_SET_CLIENT=@@CHARACTER_SET_CLIENT */;
/*!40101 SET @OLD_CHARACTER_SET_RESULTS=@@CHARACTER_SET_RESULTS */;
/*!40101 SET @OLD_COLLATION_CONNECTION=@@COLLATION_CONNECTION */;
/*!40101 SET NAMES utf8 */;
/*!40103 SET @OLD_TIME_ZONE=@@TIME_ZONE */;
/*!40103 SET TIME_ZONE='+00:00' */;
/*!40014 SET @OLD_UNIQUE_CHECKS=@@UNIQUE_CHECKS, UNIQUE_CHECKS=0 */;
/*!40014 SET @OLD_FOREIGN_KEY_CHECKS=@@FOREIGN_KEY_CHECKS, FOREIGN_KEY_CHECKS=0 */;
/*!40101 SET @OLD_SQL_MODE=@@SQL_MODE, SQL_MODE='NO_AUTO_VALUE_ON_ZERO' */;
/*!40111 SET @OLD_SQL_NOTES=@@SQL_NOTES, SQL_NOTES=0 */;

--
-- Table structure for table `activity_log`
--

DROP TABLE IF EXISTS `activity_log`;
/*!40101 SET @saved_cs_client     = @@character_set_client */;
/*!40101 SET character_set_client = utf8 */;
CREATE TABLE `activity_log` (
  `id` int(11) NOT NULL AUTO_INCREMENT,
  `userid` int(11) NOT NULL,
  `activityId` int(11) NOT NULL,
  `activityDesc` text NOT NULL,
  `source` varchar(20) NOT NULL,
  `datetimes` datetime NOT NULL,
  `n_status` int(1) NOT NULL,
  PRIMARY KEY (`id`)
) ENGINE=InnoDB DEFAULT CHARSET=latin1;
/*!40101 SET character_set_client = @saved_cs_client */;

--
-- Dumping data for table `activity_log`
--

LOCK TABLES `activity_log` WRITE;
/*!40000 ALTER TABLE `activity_log` DISABLE KEYS */;
/*!40000 ALTER TABLE `activity_log` ENABLE KEYS */;
UNLOCK TABLES;

--
-- Table structure for table `admin_member`
--

DROP TABLE IF EXISTS `admin_member`;
/*!40101 SET @saved_cs_client     = @@character_set_client */;
/*!40101 SET character_set_client = utf8 */;
CREATE TABLE `admin_member` (
  `id` int(15) NOT NULL AUTO_INCREMENT,
  `name` varchar(46) DEFAULT NULL,
  `nickname` varchar(50) DEFAULT NULL,
  `email` varchar(200) DEFAULT NULL,
  `register_date` timestamp NOT NULL DEFAULT CURRENT_TIMESTAMP,
  `username` varchar(46) DEFAULT NULL,
  `salt` varchar(200) DEFAULT NULL,
  `password` varchar(200) DEFAULT NULL,
  `n_status` int(3) NOT NULL DEFAULT '0',
  PRIMARY KEY (`id`)
) ENGINE=InnoDB AUTO_INCREMENT=2 DEFAULT CHARSET=latin1;
/*!40101 SET character_set_client = @saved_cs_client */;

--
-- Dumping data for table `admin_member`
--

LOCK TABLES `admin_member` WRITE;
/*!40000 ALTER TABLE `admin_member` DISABLE KEYS */;
INSERT INTO `admin_member` VALUES (1,'admin','admin','admin@example.com','2014-08-07 22:56:36','admin','codekir v3.0','9aca4c40eb8dbacd4eaf953055d770acd1c815e8',1);
/*!40000 ALTER TABLE `admin_member` ENABLE KEYS */;
UNLOCK TABLES;

--
-- Table structure for table `uzbemb_banner`
--

DROP TABLE IF EXISTS `uzbemb_banner`;
/*!40101 SET @saved_cs_client     = @@character_set_client */;
/*!40101 SET character_set_client = utf8 */;
CREATE TABLE `uzbemb_banner` (
  `id` int(11) NOT NULL AUTO_INCREMENT,
  `created_date` date NOT NULL,
  `posted_date` date NOT NULL,
  `expired_date` date DEFAULT NULL,
  `langid` tinyint(4) NOT NULL,
  `author_id` tinyint(4) DEFAULT NULL,
  `title_bhs` varchar(200) NOT NULL,
  `brief_bhs` text NOT NULL,
  `content_bhs` text NOT NULL,
  `title_en` varchar(200) NOT NULL,
  `brief_en` text NOT NULL,
  `content_en` text NOT NULL,
  `title_uzbek` varchar(200) NOT NULL,
  `brief_uzbek` text NOT NULL,
  `content_uzbek` text NOT NULL,
  `image` varchar(200) NOT NULL,
  `thumbnail_image` varchar(200) DEFAULT NULL,
  `slider_image` varchar(200) DEFAULT NULL,
  `url` varchar(200) DEFAULT NULL,
  `source_url` varchar(100) DEFAULT NULL,
  `file` varchar(200) NOT NULL,
  `icon_image` varchar(200) NOT NULL,
  `url_icon` varchar(200) DEFAULT NULL,
  `source_icon` varchar(100) DEFAULT NULL,
  `file_icon` varchar(200) NOT NULL,
  `filesize` int(11) DEFAULT NULL,
  `filesize_icon` int(11) DEFAULT NULL,
  `can_save` int(11) DEFAULT NULL,
  `tags` text,
  `n_stats` int(11) NOT NULL,
  PRIMARY KEY (`id`)
) ENGINE=InnoDB AUTO_INCREMENT=17 DEFAULT CHARSET=utf8;
/*!40101 SET character_set_client = @saved_cs_client */;

--
-- Dumping data for table `uzbemb_banner`
--

LOCK TABLES `uzbemb_banner` WRITE;
/*!40000 ALTER TABLE `uzbemb_banner` DISABLE KEYS */;
INSERT INTO `uzbemb_banner` VALUES (15,'2014-12-17','2015-01-29','0000-00-00',0,1,'','Uzbekistan','','','Uzbekistan','','','Uzbekistan','','1666660e3ac111a50b59ff66709b6af5.jpg',NULL,NULL,NULL,NULL,'http://uzbekistan-embassy.or.id/public_assets/banner/1666660e3ac111a50b59ff66709b6af5.jpg','',NULL,NULL,'',NULL,NULL,NULL,NULL,1),(16,'2014-12-17','2015-02-12','0000-00-00',0,1,'','Uzbekistan','','','Uzbekistan','','','Uzbekistan','','41b40972a348933187551678eb042e59.jpg',NULL,NULL,NULL,NULL,'http://uzbekistan-embassy.or.id/public_assets/banner/41b40972a348933187551678eb042e59.jpg','',NULL,NULL,'',NULL,NULL,NULL,NULL,1);
/*!40000 ALTER TABLE `uzbemb_banner` ENABLE KEYS */;
UNLOCK TABLES;

--
-- Table structure for table `uzbemb_category`
--

DROP TABLE IF EXISTS `uzbemb_category`;
/*!40101 SET @saved_cs_client     = @@character_set_client */;
/*!40101 SET character_set_client = utf8 */;
CREATE TABLE `uzbemb_category` (
  `id` int(11) NOT NULL AUTO_INCREMENT,
  `category_name` varchar(200) DEFAULT NULL,
  `description` varchar(300) DEFAULT NULL,
  `image` varchar(255) DEFAULT NULL,
  `relation` int(11) DEFAULT NULL,
  `create_date` datetime DEFAULT NULL,
  `n_status` int(11) NOT NULL DEFAULT '0',
  PRIMARY KEY (`id`)
) ENGINE=InnoDB DEFAULT CHARSET=latin1;
/*!40101 SET character_set_client = @saved_cs_client */;

--
-- Dumping data for table `uzbemb_category`
--

LOCK TABLES `uzbemb_category` WRITE;
/*!40000 ALTER TABLE `uzbemb_category` DISABLE KEYS */;
/*!40000 ALTER TABLE `uzbemb_category` ENABLE KEYS */;
UNLOCK TABLES;

--
-- Table structure for table `uzbemb_contact_list`
--

DROP TABLE IF EXISTS `uzbemb_contact_list`;
/*!40101 SET @saved_cs_client     = @@character_set_client */;
/*!40101 SET character_set_client = utf8 */;
CREATE TABLE `uzbemb_contact_list` (
  `id` int(11) NOT NULL AUTO_INCREMENT,
  `name` varchar(100) NOT NULL,
  `mail` varchar(100) NOT NULL,
  `address` varchar(100) NOT NULL,
  `subject` varchar(100) NOT NULL,
  `message` varchar(300) NOT NULL,
  `n_stats` tinyint(4) NOT NULL DEFAULT '0',
  `date_received` timestamp NOT NULL DEFAULT CURRENT_TIMESTAMP ON UPDATE CURRENT_TIMESTAMP,
  PRIMARY KEY (`id`)
) ENGINE=InnoDB AUTO_INCREMENT=2 DEFAULT CHARSET=utf8;
/*!40101 SET character_set_client = @saved_cs_client */;

--
-- Dumping data for table `uzbemb_contact_list`
--

LOCK TABLES `uzbemb_contact_list` WRITE;
/*!40000 ALTER TABLE `uzbemb_contact_list` DISABLE KEYS */;
INSERT INTO `uzbemb_contact_list` VALUES (1,'Kartika Dwintaputri S','kartikads27@gmail.com','Depok','Test Message','Try to send message :)',1,'2015-02-02 08:35:50');
/*!40000 ALTER TABLE `uzbemb_contact_list` ENABLE KEYS */;
UNLOCK TABLES;

--
-- Table structure for table `uzbemb_headlines`
--

DROP TABLE IF EXISTS `uzbemb_headlines`;
/*!40101 SET @saved_cs_client     = @@character_set_client */;
/*!40101 SET character_set_client = utf8 */;
CREATE TABLE `uzbemb_headlines` (
  `id` int(11) NOT NULL AUTO_INCREMENT,
  `created_date` date NOT NULL,
  `posted_date` date NOT NULL,
  `expired_date` date DEFAULT NULL,
  `langid` tinyint(4) NOT NULL,
  `author_id` tinyint(4) DEFAULT NULL,
  `title_bhs` varchar(200) NOT NULL,
  `brief_bhs` text NOT NULL,
  `content_bhs` text NOT NULL,
  `title_en` varchar(200) NOT NULL,
  `brief_en` text NOT NULL,
  `content_en` text NOT NULL,
  `title_uzbek` varchar(200) NOT NULL,
  `brief_uzbek` text NOT NULL,
  `content_uzbek` text NOT NULL,
  `image` varchar(200) NOT NULL,
  `thumbnail_image` varchar(200) DEFAULT NULL,
  `slider_image` varchar(200) DEFAULT NULL,
  `url` varchar(200) DEFAULT NULL,
  `source_url` varchar(100) DEFAULT NULL,
  `file` varchar(200) NOT NULL,
  `icon_image` varchar(200) NOT NULL,
  `url_icon` varchar(200) DEFAULT NULL,
  `source_icon` varchar(100) DEFAULT NULL,
  `file_icon` varchar(200) NOT NULL,
  `filesize` int(11) DEFAULT NULL,
  `filesize_icon` int(11) DEFAULT NULL,
  `can_save` int(11) DEFAULT NULL,
  `tags` text,
  `n_stats` int(11) NOT NULL,
  PRIMARY KEY (`id`)
) ENGINE=InnoDB AUTO_INCREMENT=2 DEFAULT CHARSET=utf8;
/*!40101 SET character_set_client = @saved_cs_client */;

--
-- Dumping data for table `uzbemb_headlines`
--

LOCK TABLES `uzbemb_headlines` WRITE;
/*!40000 ALTER TABLE `uzbemb_headlines` DISABLE KEYS */;
INSERT INTO `uzbemb_headlines` VALUES (1,'2014-12-12','2015-02-27','0000-00-00',0,1,'','','&amp;lt;p&amp;gt;Selamat datang di website resmi baru dari Kedutaan Besar Republik Uzbekistan di Jakarta.&amp;lt;/p&amp;gt;\r\n\r\n&amp;lt;p&amp;gt;Kepada para pengunjung yang terhormat,&amp;lt;/p&amp;gt;\r\n\r\n&amp;lt;p&amp;gt;&amp;amp;nbsp;&amp;lt;/p&amp;gt;\r\n\r\n&amp;lt;p&amp;gt;Selamat datang di situs web resmi baru Kedutaan Besar Republic Indonesia di Jakarta.&amp;lt;/p&amp;gt;\r\n\r\n&amp;lt;p&amp;gt;Kami berharap situs web ini dapat membantu anda untuk memperkaya pengetahuan dan pemahaman tentang Uzbekistan, kehadirannya di Republik Indonesia, dan hubungan bilateral antara kedua negara.&amp;lt;/p&amp;gt;\r\n\r\n&amp;lt;p&amp;gt;Situs web ini dirancang untuk memberikan informasi tentang berbagai topik tentang kerja sama antara Uzbekistan dan Indonesia, interaksi ekonomi keduanya serta berita dan siaran pers mengenai ekonomi dan bisnis Uzbekistan, budaya dan pariwisata, pendidikan dan sains.&amp;lt;/p&amp;gt;\r\n\r\n&amp;lt;p&amp;gt;Kami harap situs web kami dapat memberikan anda kunjungan yang menarik dan informatif&amp;lt;/p&amp;gt;\r\n\r\n&amp;lt;p&amp;gt;&amp;amp;nbsp;&amp;lt;/p&amp;gt;\r\n\r\n&amp;lt;p&amp;gt;Salam hangat,&amp;lt;/p&amp;gt;\r\n\r\n&amp;lt;p&amp;gt;Kedutaan Besar Republik Uzbekistan&amp;lt;/p&amp;gt;\r\n\r\n&amp;lt;p&amp;gt;&amp;amp;nbsp;&amp;lt;/p&amp;gt;\r\n\r\n&amp;lt;p&amp;gt;&amp;amp;nbsp;&amp;lt;/p&amp;gt;','','','&amp;lt;p&amp;gt;&amp;lt;span style=&amp;quot;font-size:14pt&amp;quot;&amp;gt;Dear our visitor,&amp;lt;/span&amp;gt;&amp;lt;/p&amp;gt;\r\n\r\n&amp;lt;p&amp;gt;&amp;amp;nbsp;&amp;lt;/p&amp;gt;\r\n\r\n&amp;lt;p&amp;gt;Welcome to the new official website of the Embassy of the Republic of Uzbekistan in Jakarta.&amp;lt;/p&amp;gt;\r\n\r\n&amp;lt;p&amp;gt;&amp;lt;br /&amp;gt;\r\nWe hope this website will help you to enhance your knowledge and understanding about Uzbekistan, its presence in the Republic of Indonesia, and bilateral relations between our countries.&amp;lt;br /&amp;gt;\r\n&amp;lt;br /&amp;gt;\r\nWebsite has been designed to provide information on a broad range of topics about co-operation between Uzbekistan and Indonesia, their economic interaction as well as news and press releases on Uzbekistan economy and business, culture and tourism, education and science.&amp;lt;br /&amp;gt;\r\n&amp;amp;nbsp;&amp;lt;/p&amp;gt;\r\n\r\n&amp;lt;p&amp;gt;We wish you an interesting and informative visit to our website&amp;amp;nbsp;&amp;lt;br /&amp;gt;\r\n&amp;lt;br /&amp;gt;\r\n&amp;lt;strong&amp;gt;Warm Regards,&amp;lt;/strong&amp;gt;&amp;lt;/p&amp;gt;\r\n\r\n&amp;lt;p&amp;gt;Embassy of the Republic of Uzbekistan&amp;lt;/p&amp;gt;','','','&amp;lt;p&amp;gt;Sahifamizning aziz mehmonlari,&amp;lt;/p&amp;gt;\r\n\r\n&amp;lt;p&amp;gt;&amp;amp;nbsp;&amp;lt;/p&amp;gt;\r\n\r\n&amp;lt;p&amp;gt;&amp;amp;nbsp; &amp;amp;nbsp; &amp;amp;nbsp;O&amp;amp;rsquo;zbekiston Respublikasining Jakarta shahridagi elchixonasining yangi web-sahifasiga xush kelibsiz.&amp;lt;/p&amp;gt;\r\n\r\n&amp;lt;p&amp;gt;&amp;amp;nbsp;&amp;lt;/p&amp;gt;\r\n\r\n&amp;lt;p&amp;gt;&amp;amp;nbsp; &amp;amp;nbsp; &amp;amp;nbsp; Web-sahifamiz sizni O&amp;amp;rsquo;zbekiston mamlakati, elchixonamizning Indoneziya Respublikasidagi faoliyati hamda davlatlarimiz o&amp;amp;rsquo;rtasidagi ikki tomonlama munosabatlar haqida o&amp;amp;rsquo;z bilimlaringizni oshirishda yordam beradi degan umiddamiz.&amp;lt;/p&amp;gt;\r\n\r\n&amp;lt;p&amp;gt;&amp;amp;nbsp;&amp;lt;/p&amp;gt;\r\n\r\n&amp;lt;p&amp;gt;&amp;amp;nbsp; &amp;amp;nbsp; &amp;amp;nbsp;Ushbu web-sahifada O&amp;amp;rsquo;zbekiston va Indoneziya o&amp;amp;rsquo;rtasidagi iqtisodiy va madaniy hamkorlik, mamlakat hayotidagi yangiliklar, O&amp;amp;rsquo;zbekiston iqtisodiyoti va tadbirkorlik, madaniyat va turizm, ta&amp;amp;rsquo;lim, ilm- fan va boshqa mavzudagi ma&amp;amp;rsquo;lumotlar bilan boitilgan.&amp;lt;/p&amp;gt;\r\n\r\n&amp;lt;p&amp;gt;&amp;amp;nbsp;&amp;lt;/p&amp;gt;\r\n\r\n&amp;lt;p&amp;gt;&amp;amp;nbsp; &amp;amp;nbsp; &amp;amp;nbsp; Sahifamizga tashrifingiz qiziqarli va sermazmun bo&amp;amp;rsquo;lishini umid qilib qolamiz.&amp;lt;/p&amp;gt;\r\n\r\n&amp;lt;p&amp;gt;&amp;amp;nbsp;&amp;lt;/p&amp;gt;\r\n\r\n&amp;lt;p&amp;gt;&amp;amp;nbsp; &amp;amp;nbsp; &amp;amp;nbsp; &amp;amp;nbsp;Yuksak ehtirom ila,&amp;amp;nbsp;&amp;lt;/p&amp;gt;\r\n\r\n&amp;lt;p&amp;gt;O&amp;amp;rsquo;zbekiston Respublikasining elchixonasi&amp;amp;nbsp;&amp;lt;/p&amp;gt;','',NULL,NULL,NULL,NULL,'','',NULL,NULL,'',NULL,NULL,NULL,NULL,0);
/*!40000 ALTER TABLE `uzbemb_headlines` ENABLE KEYS */;
UNLOCK TABLES;

--
-- Table structure for table `uzbemb_lang`
--

DROP TABLE IF EXISTS `uzbemb_lang`;
/*!40101 SET @saved_cs_client     = @@character_set_client */;
/*!40101 SET character_set_client = utf8 */;
CREATE TABLE `uzbemb_lang` (
  `id` int(11) NOT NULL AUTO_INCREMENT,
  `lang` varchar(100) DEFAULT NULL,
  PRIMARY KEY (`id`)
) ENGINE=InnoDB DEFAULT CHARSET=utf8;
/*!40101 SET character_set_client = @saved_cs_client */;

--
-- Dumping data for table `uzbemb_lang`
--

LOCK TABLES `uzbemb_lang` WRITE;
/*!40000 ALTER TABLE `uzbemb_lang` DISABLE KEYS */;
/*!40000 ALTER TABLE `uzbemb_lang` ENABLE KEYS */;
UNLOCK TABLES;

--
-- Table structure for table `uzbemb_menu_bottom`
--

DROP TABLE IF EXISTS `uzbemb_menu_bottom`;
/*!40101 SET @saved_cs_client     = @@character_set_client */;
/*!40101 SET character_set_client = utf8 */;
CREATE TABLE `uzbemb_menu_bottom` (
  `id` int(11) NOT NULL AUTO_INCREMENT,
  `created_date` date NOT NULL,
  `posted_date` date NOT NULL,
  `expired_date` date DEFAULT NULL,
  `langid` tinyint(4) NOT NULL,
  `author_id` tinyint(4) DEFAULT NULL,
  `title_bhs` varchar(200) NOT NULL,
  `brief_bhs` text NOT NULL,
  `content_bhs` text NOT NULL,
  `title_en` varchar(200) NOT NULL,
  `brief_en` text NOT NULL,
  `content_en` text NOT NULL,
  `title_uzbek` varchar(200) NOT NULL,
  `brief_uzbek` text NOT NULL,
  `content_uzbek` text NOT NULL,
  `image` varchar(200) NOT NULL,
  `thumbnail_image` varchar(200) DEFAULT NULL,
  `slider_image` varchar(200) DEFAULT NULL,
  `url` varchar(200) DEFAULT NULL,
  `source_url` varchar(100) DEFAULT NULL,
  `file` varchar(200) NOT NULL,
  `icon_image` varchar(200) NOT NULL,
  `url_icon` varchar(200) DEFAULT NULL,
  `source_icon` varchar(100) DEFAULT NULL,
  `file_icon` varchar(200) NOT NULL,
  `filesize` int(11) DEFAULT NULL,
  `filesize_icon` int(11) DEFAULT NULL,
  `can_save` int(11) DEFAULT NULL,
  `tags` text,
  `n_stats` int(11) NOT NULL,
  PRIMARY KEY (`id`)
) ENGINE=InnoDB AUTO_INCREMENT=5 DEFAULT CHARSET=utf8;
/*!40101 SET character_set_client = @saved_cs_client */;

--
-- Dumping data for table `uzbemb_menu_bottom`
--

LOCK TABLES `uzbemb_menu_bottom` WRITE;
/*!40000 ALTER TABLE `uzbemb_menu_bottom` DISABLE KEYS */;
INSERT INTO `uzbemb_menu_bottom` VALUES (1,'2014-12-15','2015-02-27','0000-00-00',0,1,'Uzbekistan &amp; Shanghai Coorperation Organization','Uzbekistan &amp; Shanghai Coorperation Organization','','Uzbekistan &amp; Shanghai Coorperation Organization','Uzbekistan &amp; Shanghai Coorperation Organization','&lt;p&gt;&lt;a href=&quot;http://www.mfa.uz/en/cooperation/international/1209/&quot;&gt;Uzbekistan &amp;amp; Shanghai Coorperation Organization&lt;/a&gt;&lt;/p&gt;','Uzbekistan &amp; Shanghai Coorperation Organization','Uzbekistan &amp; Shanghai Coorperation Organization','&lt;p&gt;Uzbekistan &amp;amp; Shanghai Coorperation Organization&lt;/p&gt;','a9d6eba3a3c8de9c5de2d459ec1364bd.jpg',NULL,NULL,NULL,NULL,'http://uzbekistan-embassy.or.id/public_assets/news/image/a9d6eba3a3c8de9c5de2d459ec1364bd.jpg','',NULL,NULL,'http://uzbekistan-embassy.or.id/public_assets/news/icon/6526d62aab5f1bb9f61cde348474c6dd.png',NULL,NULL,NULL,NULL,1),(4,'2015-02-27','2015-02-27','0000-00-00',0,1,'Year of care for the Senior generation','','','Year of care for the Senior generation','','','2015 yil - Keksalarni e\'zozlash yili','','','',NULL,NULL,NULL,NULL,'','',NULL,NULL,'http://uzbekistan-embassy.or.id/public_assets/news/icon/4ba1dd515adf549018707232728c4c5f.png',NULL,NULL,NULL,NULL,1);
/*!40000 ALTER TABLE `uzbemb_menu_bottom` ENABLE KEYS */;
UNLOCK TABLES;

--
-- Table structure for table `uzbemb_menu_list`
--

DROP TABLE IF EXISTS `uzbemb_menu_list`;
/*!40101 SET @saved_cs_client     = @@character_set_client */;
/*!40101 SET character_set_client = utf8 */;
CREATE TABLE `uzbemb_menu_list` (
  `id` int(11) NOT NULL AUTO_INCREMENT,
  `nm_bhs` varchar(100) NOT NULL,
  `nm_eng` varchar(100) NOT NULL,
  `nm_uzbek` varchar(100) NOT NULL,
  `menu_type` int(11) NOT NULL,
  `is_child` int(11) NOT NULL,
  `id_parent` int(11) NOT NULL,
  `pos` int(11) NOT NULL,
  `date_created` date NOT NULL,
  `author_id` varchar(100) NOT NULL,
  `n_stats` tinyint(1) NOT NULL,
  PRIMARY KEY (`id`),
  UNIQUE KEY `id` (`id`),
  UNIQUE KEY `id_2` (`id`)
) ENGINE=InnoDB AUTO_INCREMENT=43 DEFAULT CHARSET=utf8 COMMENT='List of the menu in the web.';
/*!40101 SET character_set_client = @saved_cs_client */;

--
-- Dumping data for table `uzbemb_menu_list`
--

LOCK TABLES `uzbemb_menu_list` WRITE;
/*!40000 ALTER TABLE `uzbemb_menu_list` DISABLE KEYS */;
INSERT INTO `uzbemb_menu_list` VALUES (1,'Uzbekistan','Uzbekistan','Ozbekiston',1,0,0,0,'2014-12-12','',1),(2,'Presiden','President','President',1,0,0,0,'2014-12-12','',1),(3,'Kedutaan','Embassy','Elchixona',0,0,0,0,'2014-12-12','',1),(4,'Pemerintah','Government','Hukumat',1,1,1,0,'2014-12-12','',1),(5,'Oliy Majlis (Parlemen)','Oliy Majlis (Parliament)','Oliy Majlis',1,1,1,0,'2014-12-12','',1),(6,'Partai Politik dan Gerakan','Political Parties and Movements','Siyosiy Partiyalar va Xarakatlar',1,1,1,0,'2014-12-12','',1),(7,'Konstitusi','Constitution','Konstitutsiya',1,1,1,0,'2014-12-12','',1),(8,'Tentu Negara dan Lambang Uzbekistan','State and Symbol of Uzbekistan','Davlat Ramzlari',1,1,0,0,'2014-12-12','',1),(9,'Ekonomi dan Keuangan','Economy and Finance','Iqtisod va Moliya',1,1,1,0,'2014-12-12','',1),(10,'Sejarah','History','Tarix',1,1,1,0,'2014-12-12','',1),(11,'Budaya','Culture','Modaniyat',1,1,1,0,'2014-12-12','',1),(12,'Agama','Religion','Din',1,1,1,0,'2014-12-12','',1),(13,'Sains dan Pendidikan','Science and Education','Fan va Talim',1,1,1,0,'2014-12-12','',1),(14,'Kesehatan','HealthCare','HealthCare',1,1,1,0,'2014-12-12','',1),(15,'Olahraga','Sport','Sport',1,1,1,0,'2014-12-12','',1),(16,'Museum','Museums','Museums',1,1,1,0,'2014-12-12','',1),(17,'Kedutaan','Ambassador','Elchi',1,1,3,0,'2014-12-12','',1),(18,'Staf','Staff','Xodimlar',1,1,3,0,'2014-12-12','',1),(19,'Politik Luar Negeri','Foreign Policy','Tashqi Siyosat',1,0,0,1,'2014-12-12','',1),(20,'Keamanan','Security','Hafsizlik Masalasi',1,0,0,1,'2014-12-12','',1),(21,'Bisnis','Business','Biznes',1,0,0,1,'2014-12-12','',1),(22,'Turis','Tourism','Turizm',1,0,0,1,'2014-12-12','',1),(23,'Media Masa','Mass Media','Ommaviy Ahborot Vositalari',1,0,0,1,'2014-12-12','',1),(24,'Kerjasama','Cooperation','Aloqalar',1,0,0,1,'2014-12-12','',1),(25,'Pelayanan Konsuler','Consular Service','Konsullik Hizmati',1,0,0,1,'2014-12-12','',1),(26,'Berita','News','News',0,0,0,1,'2014-12-12','',1),(30,'Iklim Investasi','Investment Climate','Investiya Iqlimi',1,1,21,1,'2014-12-12','',1),(31,'Peraturan Visa','Visa Regulations','Visa Regulations',1,1,25,1,'2014-12-12','',1),(32,'Kewarganegaraan','Citizinship','Fuqarolik Masalalari',1,1,25,1,'2014-12-12','',1),(38,'Bilateral Visit','Bilateral Visit','Bilateral Visit',0,0,0,1,'2015-02-27','',1),(39,'2014','2014','2014',1,1,38,1,'2015-02-27','',1),(40,'2015','2015','2015',1,1,38,1,'2015-02-27','',1),(41,'2009','2009','2009',1,1,38,1,'2015-02-27','',1),(42,'1995','1995','1995',1,1,38,1,'2015-02-27','',1);
/*!40000 ALTER TABLE `uzbemb_menu_list` ENABLE KEYS */;
UNLOCK TABLES;

--
-- Table structure for table `uzbemb_news_category`
--

DROP TABLE IF EXISTS `uzbemb_news_category`;
/*!40101 SET @saved_cs_client     = @@character_set_client */;
/*!40101 SET character_set_client = utf8 */;
CREATE TABLE `uzbemb_news_category` (
  `id` int(11) NOT NULL AUTO_INCREMENT,
  `catName` varchar(100) DEFAULT NULL,
  `n_status` int(11) DEFAULT NULL,
  PRIMARY KEY (`id`)
) ENGINE=InnoDB AUTO_INCREMENT=10 DEFAULT CHARSET=latin1;
/*!40101 SET character_set_client = @saved_cs_client */;

--
-- Dumping data for table `uzbemb_news_category`
--

LOCK TABLES `uzbemb_news_category` WRITE;
/*!40000 ALTER TABLE `uzbemb_news_category` DISABLE KEYS */;
INSERT INTO `uzbemb_news_category` VALUES (1,'Content',1),(2,'Agenda',1),(3,'Headline',1),(4,'Afiliasi',1),(5,'',1),(6,'',1),(7,'',1),(8,'',1),(9,'Gallery',1);
/*!40000 ALTER TABLE `uzbemb_news_category` ENABLE KEYS */;
UNLOCK TABLES;

--
-- Table structure for table `uzbemb_news_content`
--

DROP TABLE IF EXISTS `uzbemb_news_content`;
/*!40101 SET @saved_cs_client     = @@character_set_client */;
/*!40101 SET character_set_client = utf8 */;
CREATE TABLE `uzbemb_news_content` (
  `id` int(11) NOT NULL AUTO_INCREMENT,
  `parentid` int(11) NOT NULL,
  `menuId` tinyint(4) NOT NULL,
  `lid` int(11) NOT NULL,
  `lang_id` int(11) NOT NULL,
  `title` varchar(200) NOT NULL,
  `brief` text NOT NULL,
  `content` text NOT NULL,
  `image` varchar(200) NOT NULL,
  `thumbnail_image` varchar(200) NOT NULL,
  `slider_image` varchar(200) NOT NULL,
  `categoryid` int(11) NOT NULL,
  `articleType` int(11) NOT NULL COMMENT '1:news,2:profil,3:publikasi',
  `url` varchar(200) NOT NULL,
  `sourceurl` varchar(100) NOT NULL,
  `file` varchar(200) NOT NULL,
  `created_date` datetime NOT NULL,
  `expired_date` datetime NOT NULL,
  `posted_date` datetime NOT NULL,
  `fromwho` int(11) NOT NULL DEFAULT '0' COMMENT '0:web or admin ;1:user ;2:pages',
  `filesize` int(11) NOT NULL,
  `can_save` int(11) NOT NULL,
  `tags` text NOT NULL COMMENT 'format serialize tags',
  `authorid` int(11) NOT NULL,
  `n_status` int(11) NOT NULL DEFAULT '0',
  `topcontent` int(11) NOT NULL DEFAULT '0' COMMENT '0;standart;1:featured;2:review;3:interview',
  PRIMARY KEY (`id`),
  KEY `title` (`title`),
  KEY `categoryid` (`categoryid`),
  KEY `created_date` (`created_date`),
  KEY `posted_date` (`posted_date`),
  KEY `n_status` (`n_status`),
  KEY `articleTypeID` (`articleType`),
  KEY `image` (`image`),
  KEY `parentID` (`parentid`),
  KEY `lid` (`lid`),
  KEY `online` (`fromwho`),
  KEY `expired_date` (`expired_date`),
  KEY `url` (`url`),
  KEY `aid` (`authorid`),
  KEY `file` (`file`),
  KEY `slider_image` (`slider_image`),
  KEY `sourceurl` (`filesize`),
  KEY `thumbnail_image` (`thumbnail_image`),
  KEY `topcontent` (`topcontent`),
  KEY `sourceurl_2` (`sourceurl`),
  KEY `can_save` (`can_save`)
) ENGINE=InnoDB AUTO_INCREMENT=52 DEFAULT CHARSET=utf8;
/*!40101 SET character_set_client = @saved_cs_client */;

--
-- Dumping data for table `uzbemb_news_content`
--

LOCK TABLES `uzbemb_news_content` WRITE;
/*!40000 ALTER TABLE `uzbemb_news_content` DISABLE KEYS */;
INSERT INTO `uzbemb_news_content` VALUES (1,0,4,0,1,'Links','Lorem ipsum dolor sit amet, consectetur adipiscing elit','&lt;p style=&quot;text-align: left;&quot;&gt;&lt;a href=&quot;http://www.gov.uz/en/&quot; style=&quot;text-align: left;&quot;&gt;Government of Uzbekistan&lt;/a&gt;&lt;/p&gt;&lt;p style=&quot;text-align: left;&quot;&gt;&lt;br&gt;&lt;/p&gt;','921d3a4c180cb4c2ccb22da9a6c3291a.jpg','','',1,0,'','','http://localhost/uzbek/framework/public_assets/news/921d3a4c180cb4c2ccb22da9a6c3291a.jpg','2014-12-15 17:45:14','0000-00-00 00:00:00','2014-12-15 00:00:00',0,0,0,'',1,1,0),(2,0,0,0,0,'Uzbekistan','This is Uzbekistan','','eba9952b69425001bdd9fdfc8f3544c6.jpg','','',9,1,'','','http://localhost/uzbek/framework/public_assets/gallery/images/eba9952b69425001bdd9fdfc8f3544c6.jpg','2014-12-15 18:55:32','0000-00-00 00:00:00','0000-00-00 00:00:00',0,0,0,'',0,2,0),(3,0,0,0,0,'Meeting','Meeting in embassy','','7d49762cf76d38cc7a55518b1015f447.jpg','','',9,1,'','','http://localhost/uzbek/framework/public_assets/gallery/images/7d49762cf76d38cc7a55518b1015f447.jpg','2014-12-15 19:02:04','0000-00-00 00:00:00','0000-00-00 00:00:00',0,0,0,'',0,2,0),(5,0,5,0,1,'Link','','&lt;a href=&quot;http://www.parliament.gov.uz/en/&quot;&gt;Parliament&lt;/a&gt;','','','',1,0,'','','','2014-12-17 08:54:08','0000-00-00 00:00:00','2014-12-17 00:00:00',0,0,0,'',1,1,0),(6,0,2,0,2,'Biography of President','','&lt;p style=&quot;text-align:justify&quot;&gt;Islam Abduganievich Karimov was born on January 30 1938 in Samarkand into a family of civil servants. He is Uzbek by nationality and has a higher degree. He finished the Central Asian Polytechnic and the Tashkent Institute of national economy, receiving degrees as an engineer-mechanic and economist.&amp;nbsp;&amp;nbsp;&lt;br /&gt;\r\n&lt;br /&gt;\r\nHe began work in 1960 at Tashselmash. From 1961-66 he worked as an engineer, a leading engineer-constructor at the Chkalov Tashkent aviation production complex.&lt;/p&gt;\r\n\r\n&lt;p style=&quot;text-align:justify&quot;&gt;In 1966 he started work at the State planning office of the UzSSR where he worked as chief specialist and later as first deputy chairman of the State planning office.&lt;/p&gt;\r\n\r\n&lt;p style=&quot;text-align:justify&quot;&gt;In 1983 I. Karimov was appointed Minister of finance of the UzSSR, in 1986 &amp;ndash; deputy chairman of the Council of Ministers of the UzSSR and chairman of the State planning office.&lt;/p&gt;\r\n\r\n&lt;p&gt;In 1986-89 he was first secretary of the Kashkadarya provincial party committee. From June 1989 &amp;ndash; first secretary of the Central committee of the Communist Party of Uzbekistan.&lt;/p&gt;\r\n\r\n&lt;p&gt;On March 24, 1990, he was elected President of the Uzbek SSR.&lt;/p&gt;\r\n\r\n&lt;p&gt;On August 31, 1991, he declared the independence of the Republic of Uzbekistan.&lt;/p&gt;\r\n\r\n&lt;p&gt;On December 29, 1991 he was elected President of the Republic of Uzbekistan in multi-candidate elections.&lt;/p&gt;\r\n\r\n&lt;p&gt;On March 26, 1995, in accordance with a national referendum, his period in office was extended to 2000.&lt;/p&gt;\r\n\r\n&lt;p&gt;On January 9, 2000, in elections that included choice, Islam Abduganievich Karimov was reelected as head of state.&lt;/p&gt;\r\n\r\n&lt;p&gt;&amp;nbsp;&lt;/p&gt;\r\n\r\n&lt;p&gt;On December 23, 2007, in elections that included choice, Islam Abduganievich Karimov was reelected as head of state.&lt;/p&gt;\r\n\r\n&lt;p&gt;I. Karimov is married, with two daughters and five grandchildren. His wife T.A. Karimova is an economist and scientific worker.&lt;/p&gt;\r\n\r\n&lt;p&gt;For his outstanding contribution to education in Uzbekistan, creation of a state based on democratic laws, guarantee of civil peace and national accord, and for courage, I. Karimov was awarded the title Hero of Uzbekistan and the awards Mustakillik (Independence) and Amir Temur. He has received awards from foreign states and international organizations.&lt;/p&gt;\r\n\r\n&lt;p&gt;He is a full member of the Academy of sciences of Uzbekistan. For his contribution to economics, science, and education he was awarded honorary doctorates from 9 foreign institutions.&lt;/p&gt;\r\n\r\n&lt;p&gt;He is the initiator and leader of historic transformations in our country. He has directly contributed too:&lt;/p&gt;\r\n\r\n&lt;blockquote dir=&quot;ltr&quot;&gt;\r\n&lt;p&gt;- a program of independent development of the country, and the Constitution, meeting democratic demands and international criteria;&lt;/p&gt;\r\n\r\n&lt;p&gt;- a new program of state and social construction, reform of administration, both central and locally, the realization of principles harmonizing the interests of the state, society and the individual;&lt;/p&gt;\r\n\r\n&lt;p&gt;- a new respected model of economic development based on five principles: de-ideologization of the economy, supremacy of laws, step-by-step reform, state regulation during the transition period and strong social policy;&lt;/p&gt;\r\n\r\n&lt;p&gt;- reform of the armed forces, border forces;&lt;/p&gt;\r\n&lt;/blockquote&gt;\r\n\r\n&lt;p&gt;I. Karimov has:&lt;/p&gt;\r\n\r\n&lt;blockquote dir=&quot;ltr&quot;&gt;\r\n&lt;p&gt;- a strong will, self-confidence and courage, defending the honor and dignity of the Uzbek people. When he headed the Central committee of the Communist Party, others tried to blacken his name, producing lawlessness and persecution;&lt;/p&gt;\r\n\r\n&lt;p&gt;- raised to the level of state policy respectful relations to the spiritual values of our nation, renewal and development of our sacred religion, traditions and customs, the priceless heritage of the people;&lt;/p&gt;\r\n\r\n&lt;p&gt;- raised the international respect for Uzbekistan;&lt;/p&gt;\r\n\r\n&lt;p&gt;- contributed to the formation in social awareness of the basis of national ideology and the value of traditions;&lt;/p&gt;\r\n\r\n&lt;p&gt;- made a great contribution to establishing, preserving and strengthening peace and national accord;&lt;/p&gt;\r\n\r\n&lt;p&gt;- been the author and initiator of ideas to create and execute the National program for preparing specialists;&lt;/p&gt;\r\n\r\n&lt;p&gt;- done much to raise the authority of the makhalla (community) in social-political life, increasing its rights and authority;&lt;/p&gt;\r\n\r\n&lt;p&gt;- been the initiator of construction of large enterprises, cultural buildings, communications networks, giving a strong impulse to economic development, transforming the face of many cities and villages, above all the capital Tashkent, and providing respectful places dedicated to the dignity of our great ancestors.&lt;/p&gt;\r\n&lt;/blockquote&gt;\r\n\r\n&lt;p&gt;Under his leadership, the basis of national sovereignty and civil society has been created, as well as conditions for strengthening peace, priorities for stable development and prosperity of multi-ethnic Uzbekistan in the new century.&lt;/p&gt;','1693241ec15896793a8a41c3d6e36870.jpg','','',1,0,'','','http://uzbekistan-embassy.or.id/public_assets/news/1693241ec15896793a8a41c3d6e36870.jpg','2014-12-17 09:02:01','0000-00-00 00:00:00','2014-12-17 00:00:00',0,0,0,'',1,1,0),(7,0,12,0,0,'Religion','','Lorem','e12db4ba262b68748342cd328953d484.jpg','','',1,0,'','','http://uzbekistan-embassy.or.id/public_assets/news/e12db4ba262b68748342cd328953d484.jpg','2014-12-17 09:09:01','0000-00-00 00:00:00','2014-12-17 00:00:00',0,0,0,'',1,1,0),(11,0,0,0,0,'photo tashkent','','','71ee6b9458aaf2445d139017ab97ab9b.jpg','','',9,1,'','','http://uzbekistan-embassy.or.id/public_assets/gallery/images/71ee6b9458aaf2445d139017ab97ab9b.jpg','2014-12-17 09:27:11','0000-00-00 00:00:00','0000-00-00 00:00:00',0,0,0,'',0,2,0),(12,0,19,0,1,'Link','FOREIGN POLICY','&lt;h2 style=&quot;margin-bottom: 0px; padding: 23px 0px 5px; font-size: 22px; font-family: PTSerifBold, serif; color: rgb(76, 104, 114); text-transform: uppercase; line-height: 26px;&quot;&gt;&lt;font color=&quot;#4c6872&quot; face=&quot;PTSerifBold, serif&quot;&gt;&lt;span style=&quot;padding-top: 23px; padding-bottom: 5px; font-size: 22px;&quot;&gt;&lt;a href=&quot;http://www.mfa.uz/en/cooperation/policy/&quot; style=&quot;padding-top: 23px; padding-bottom: 5px; font-size: 22px;&quot;&gt;FOREIGN POLICY&lt;/a&gt;&lt;/span&gt;&lt;/font&gt;&lt;/h2&gt;','','','',1,0,'','','','2014-12-17 10:20:12','0000-00-00 00:00:00','2015-02-26 00:00:00',0,0,0,'',1,1,0),(13,0,20,0,1,'International Security Issues','','&lt;h2 style=&quot;margin-bottom: 0px; padding: 0px 0px 0.6em; font-stretch: normal; line-height: normal; font-family: Georgia; clear: both; font-size: 36px;&quot;&gt;&lt;a href=&quot;http://www.gov.uz/en/helpinfo/international/9985&quot;&gt;&lt;span style=&quot;margin-bottom: 0px; padding: 0px 0px 0.6em; font-stretch: normal; line-height: normal; font-family: Georgia; clear: both; font-size: 36px;&quot;&gt;&amp;nbsp;&lt;/span&gt;&lt;font face=&quot;Georgia&quot;&gt;&lt;span style=&quot;padding-bottom: 0.6em; clear: both; font-size: 36px;&quot;&gt;International Security Issues&lt;/span&gt;&lt;/font&gt;&lt;/a&gt;&lt;/h2&gt;','','','',1,0,'','','','2014-12-17 10:30:15','0000-00-00 00:00:00','2014-12-17 00:00:00',0,0,0,'',1,1,0),(14,0,30,0,1,'Link','','&lt;h1 style=&quot;margin-bottom: 0px; padding: 0px 0px 0.8em 32px; font-stretch: normal; line-height: normal; font-family: Georgia; clear: both; font-size: 36px;&quot;&gt;&lt;span style=&quot;margin-bottom: 0px; padding: 0px 0px 0.8em 32px; font-stretch: normal; line-height: normal; font-family: Georgia; clear: both; font-size: 16px;&quot;&gt;&lt;font face=&quot;Georgia&quot;&gt;&lt;span style=&quot;padding-bottom: 0.8em; padding-left: 32px; clear: both; font-size: 16px;&quot;&gt;&lt;a href=&quot;http://www.gov.uz/en/business/invest/1175&quot; style=&quot;padding-bottom: 0.8em; padding-left: 32px; clear: both; font-size: 16px;&quot;&gt;Investments&lt;/a&gt;&lt;/span&gt;&lt;/font&gt;&lt;/span&gt;&lt;/h1&gt;','','','',1,0,'','','','2014-12-17 10:34:16','0000-00-00 00:00:00','2014-12-17 00:00:00',0,0,0,'',1,1,0),(15,0,22,0,1,'TOURISM','','&lt;p style=&quot;margin-bottom: 0px; padding: 0px 0px 0.8em 32px; font-stretch: normal; line-height: normal; font-family: Georgia; clear: both; font-size: 36px;&quot;&gt;&lt;b&gt;&lt;span style=&quot;font-size: 18px; margin-bottom: 0px; padding: 0px 0px 0.8em 32px; font-stretch: normal; font-family: Georgia; clear: both;&quot;&gt;&lt;a href=&quot;http://www.gov.uz/en/foreign/tourism/&quot;&gt;&lt;span style=&quot;font-size: 18px; margin-bottom: 0px; padding: 0px 0px 0.8em 32px; font-stretch: normal; font-family: Georgia; clear: both;&quot;&gt;&amp;nbsp;&lt;/span&gt;&lt;font face=&quot;Georgia&quot;&gt;&lt;span style=&quot;font-size: 18px; padding-bottom: 0.8em; padding-left: 32px; clear: both;&quot;&gt;Tourism infrastructure&lt;/span&gt;&lt;/font&gt;&lt;/a&gt;&lt;/span&gt;&lt;/b&gt;&lt;br&gt;&lt;/p&gt;','','','',1,0,'','','','2014-12-17 10:40:01','0000-00-00 00:00:00','2014-12-17 00:00:00',0,0,0,'',1,1,0),(20,0,0,0,0,'sa','as','','0d6dd42c0692bcf958ced240408af36a.png','','',9,1,'','','http://uzbekistan-embassy.or.id/public_assets/gallery/images/0d6dd42c0692bcf958ced240408af36a.png','2015-01-29 21:31:06','0000-00-00 00:00:00','0000-00-00 00:00:00',0,0,0,'',0,2,0),(21,0,0,0,0,'Tashkent','','','c0fb412d2dd6d3e0304921d5ddf11d5c.jpg','','',9,1,'','','http://uzbekistan-embassy.or.id/public_assets/gallery/images/c0fb412d2dd6d3e0304921d5ddf11d5c.jpg','2015-01-29 21:32:06','0000-00-00 00:00:00','0000-00-00 00:00:00',0,0,0,'',0,2,0),(28,0,17,0,1,'CV of Ambassador','','Ambassador Extraordinary and Plenipotentiary&lt;br&gt;&amp;nbsp;&amp;nbsp;&amp;nbsp;&amp;nbsp;&amp;nbsp;&amp;nbsp;&amp;nbsp;&amp;nbsp;&amp;nbsp;&amp;nbsp;&amp;nbsp;&amp;nbsp;&amp;nbsp;&amp;nbsp;&amp;nbsp;&amp;nbsp;&amp;nbsp;&amp;nbsp;&amp;nbsp;&amp;nbsp;&amp;nbsp;&amp;nbsp;&amp;nbsp;&amp;nbsp;&amp;nbsp;&amp;nbsp;&amp;nbsp;&amp;nbsp;&amp;nbsp;&amp;nbsp;&amp;nbsp;&amp;nbsp;&amp;nbsp;&amp;nbsp;&amp;nbsp;&amp;nbsp;&amp;nbsp; H.E. Mr.SHAVKAT JAMOLOV &lt;br&gt;&lt;br&gt;Born on April 20, 1966, Tashkent.&lt;br&gt;In 1991 graduated from Tashkent State University, Political Economy faculty. &lt;br&gt;&lt;br&gt;1992-1994 &amp;nbsp;&amp;nbsp; &amp;nbsp;The Department of Diplomatic Services, MFA Uzbekistan &lt;br&gt;&lt;br&gt;1994-1998 &amp;nbsp;&amp;nbsp; &amp;nbsp;The Department of State Protocol, MFA Uzbekistan &lt;br&gt;&lt;br&gt;1998-2000 &amp;nbsp;&amp;nbsp; &amp;nbsp;Second secretary, the Consulate General of the Republic&amp;nbsp;&amp;nbsp;&amp;nbsp; of Uzbekistanin Dubai, UAE &lt;br&gt;&amp;nbsp;&amp;nbsp;&amp;nbsp;&amp;nbsp;&amp;nbsp; &amp;nbsp;&lt;br&gt;2000-2004 &amp;nbsp;&amp;nbsp; &amp;nbsp;Deputy chief of the Department of State Protocol, MFA Uzbekistan &lt;br&gt;&lt;br&gt;2004-2008 &amp;nbsp;&amp;nbsp; &amp;nbsp;Consul General of the Republic of Uzbekistan in Bangkok, the Kingdom of Thailand &lt;br&gt;&lt;br&gt;September - 2008 present &amp;nbsp;&amp;nbsp; &amp;nbsp;Ambassador Extraordinary and Plenipotentiary of the Republic of Uzbekistan to the Republic of Indonesia&lt;br&gt;&amp;nbsp;&lt;br&gt;December - 2010 present &amp;nbsp;&amp;nbsp; &amp;nbsp;Ambassador Extraordinary and Plenipotentiary of the Republic of Uzbekistan to the Socialist Republic of Vietnam with residence in Jakarta, Republic of Indonesia &lt;br&gt;&lt;br&gt;March - 2011&lt;br&gt;present &amp;nbsp;&amp;nbsp; &amp;nbsp;Ambassador Extraordinary and Plenipotentiary of the Republic of Uzbekistan to the ASEAN&lt;br&gt;&amp;nbsp;&lt;br&gt;&lt;br&gt;Speaks English, Russian. &lt;br&gt;Married, has three children.','','','',1,0,'','','','2015-01-30 10:59:32','0000-00-00 00:00:00','2015-01-30 00:00:00',0,0,0,'',1,1,0),(29,0,18,0,1,'Embassy Staff','','&lt;p&gt;H.E. Mr.Shavkat Jamolov- Ambassador Extraordinary and Plenipotentiary&lt;/p&gt;&lt;p&gt; &amp;nbsp;&lt;/p&gt;&lt;p&gt; &amp;nbsp;Tel.+ 6221 / 7200950 / 7200972&lt;/p&gt;&lt;p&gt;&amp;nbsp;&amp;nbsp;&lt;span style=&quot;line-height: 1.7em;&quot;&gt;Mob.&lt;/span&gt;&lt;span style=&quot;line-height: 1.7em;&quot;&gt;+ 62 / 8159965555&amp;nbsp;&lt;/span&gt;&lt;/p&gt;&lt;p&gt;&lt;br&gt;&lt;/p&gt;&lt;p&gt;Mr. Oybek Eshkobilov- Third secretary (Protocol, Consular, Cultural Affairs)&lt;/p&gt;&lt;p&gt; &amp;nbsp;&lt;/p&gt;&lt;p&gt; &amp;nbsp;Tel.+ 6221 / 7200950 / 7200972&lt;/p&gt;&lt;p&gt;&amp;nbsp;&amp;nbsp;&lt;span style=&quot;line-height: 1.7em;&quot;&gt;Mob.&lt;/span&gt;&lt;span style=&quot;line-height: 1.7em;&quot;&gt;+ 62 / 8158974444&lt;/span&gt;&lt;span style=&quot;line-height: 1.7em;&quot;&gt;&amp;nbsp;&amp;nbsp;&lt;/span&gt;&lt;/p&gt;&lt;p&gt;&lt;/p&gt;&lt;p&gt;&lt;br&gt;&lt;/p&gt;&lt;p&gt;Mr. Alisher Kayumov - Financial attache&lt;/p&gt;&lt;p&gt;&lt;br&gt;&lt;/p&gt;&lt;p&gt; &amp;nbsp;Tel.+ 6221 / 7200950 / 7200972&lt;/p&gt;&lt;p&gt;&amp;nbsp;&amp;nbsp;&lt;span style=&quot;line-height: 1.7em;&quot;&gt;Mob.&lt;/span&gt;&lt;span style=&quot;line-height: 1.7em;&quot;&gt;+ 6281 / 8161498888&lt;/span&gt;&lt;/p&gt;','','','',1,0,'','','','2015-02-01 08:36:10','0000-00-00 00:00:00','2015-02-02 00:00:00',0,0,0,'',1,1,0),(31,0,26,0,1,'Promotion and protection of human rights','','&lt;a href=&quot;http://daccess-dds-ny.un.org/doc/UNDOC/GEN/N15/028/74/PDF/N1502874.pdf?OpenElement&quot;&gt;Improving the institutional and legal framework for non-governmental organization activities: the experience of Uzbekistan&lt;/a&gt;&lt;p&gt;&lt;a href=&quot;http://daccess-dds-ny.un.org/doc/UNDOC/GEN/N15/019/50/PDF/N1501950.pdf?OpenElement&quot;&gt;The stages of formation and development of civic institutionsin Uzbekistan&amp;nbsp;&lt;/a&gt;&lt;br&gt;&lt;/p&gt;','','','',1,0,'','','','2015-02-25 03:42:14','0000-00-00 00:00:00','2015-02-25 00:00:00',0,0,0,'',1,1,0),(32,0,24,0,1,'COOPERATION','','&lt;h2&gt;&lt;span style=&quot;font-size:22px&quot;&gt;&lt;a href=&quot;http://www.mfa.uz/en/cooperation/international/379/&quot; style=&quot;padding-top: 23px; padding-bottom: 5px; font-size: 22px;&quot;&gt;COOPERATION BETWEEN THE REPUBLIC OF UZBEKISTAN&lt;/a&gt;&lt;/span&gt;&lt;/h2&gt;','2ecc5f971bd4ede7291f81ee948b52e1.jpg','','',1,0,'','','http://uzbekistan-embassy.or.id/public_assets/news/2ecc5f971bd4ede7291f81ee948b52e1.jpg','2015-02-26 01:26:42','0000-00-00 00:00:00','2015-02-26 00:00:00',0,0,0,'',1,1,0),(33,0,31,0,1,'VISA','VISA OF THE REPUBLIC OF UZBEKISTAN','&lt;h2 style=&quot;margin-bottom: 0px; padding: 23px 0px 5px; font-size: 22px; font-family: PTSerifBold, serif; color: rgb(76, 104, 114); text-transform: uppercase; line-height: 26px;&quot;&gt;&lt;font color=&quot;#4c6872&quot; face=&quot;PTSerifBold, serif&quot;&gt;&lt;span style=&quot;padding-top: 23px; padding-bottom: 5px; font-size: 22px;&quot;&gt;&lt;a href=&quot;http://www.mfa.uz/en/consular/visa/&quot; style=&quot;padding-top: 23px; padding-bottom: 5px; font-size: 22px;&quot;&gt;VISA OF THE REPUBLIC OF UZBEKISTAN&lt;/a&gt;&lt;/span&gt;&lt;/font&gt;&lt;/h2&gt;','','','',1,0,'','','','2015-02-26 01:29:11','0000-00-00 00:00:00','2015-02-26 00:00:00',0,0,0,'',1,1,0),(34,0,32,0,1,'CITIZENSHIP','','&lt;h2 style=&quot;margin-bottom: 0px; padding: 23px 0px 5px; font-family: PTSerifBold, serif; color: rgb(76, 104, 114); text-transform: uppercase; line-height: 26px; font-size: 22px;&quot;&gt;&lt;span style=&quot;font-size:16px;margin-bottom: 0px; padding: 23px 0px 5px; font-family: PTSerifBold, serif; color: rgb(76, 104, 114); text-transform: uppercase; line-height: 26px;&quot;&gt;&lt;font color=&quot;#4c6872&quot; face=&quot;PTSerifBold, serif&quot;&gt;&lt;span style=&quot;font-size: 16px; padding-top: 23px; padding-bottom: 5px;&quot;&gt;&lt;a href=&quot;http://www.mfa.uz/en/consular/admission/&quot; style=&quot;font-size: 16px; padding-top: 23px; padding-bottom: 5px;&quot;&gt;THE ORDER OF THE OFFICIAL REGISTRATION OF PAPERS ON THE RECEPTION OF CITIZENSHIP OF THE REPUBLIC OF UZBEKISTAN&lt;/a&gt;&lt;/span&gt;&lt;/font&gt;&lt;/span&gt;&lt;/h2&gt;&lt;p&gt;&lt;span style=&quot;font-size:16px;margin-bottom: 0px; padding: 23px 0px 5px; font-family: PTSerifBold, serif; color: rgb(76, 104, 114); text-transform: uppercase; line-height: 26px;&quot;&gt;&lt;br&gt;&lt;/span&gt;&lt;/p&gt;&lt;p&gt;&lt;span style=&quot;font-size:16px;margin-bottom: 0px; padding: 23px 0px 5px; font-family: PTSerifBold, serif; color: rgb(76, 104, 114); text-transform: uppercase; line-height: 26px;&quot;&gt;&lt;br&gt;&lt;/span&gt;&lt;/p&gt;&lt;p&gt;&lt;span style=&quot;font-size:16px;margin-bottom: 0px; padding: 23px 0px 5px; font-family: PTSerifBold, serif; color: rgb(76, 104, 114); text-transform: uppercase; line-height: 26px;&quot;&gt;&lt;br&gt;&lt;/span&gt;&lt;/p&gt;&lt;p&gt;&lt;span style=&quot;font-size:16px;margin-bottom: 0px; padding: 23px 0px 5px; font-family: PTSerifBold, serif; color: rgb(76, 104, 114); text-transform: uppercase; line-height: 26px;&quot;&gt;&lt;br&gt;&lt;/span&gt;&lt;/p&gt;','','','',1,0,'','','','2015-02-26 01:32:38','0000-00-00 00:00:00','2015-02-26 00:00:00',0,0,0,'',1,1,0),(36,0,26,0,1,'Festival Navruz','','&lt;p&gt;On the preparation and celebration of the national holiday of Navruz in 2015&lt;/p&gt;\r\n\r\n&lt;p&gt;26.02.2015 09:30&lt;/p&gt;\r\n\r\n&lt;p&gt;&amp;nbsp;&lt;/p&gt;\r\n\r\n&lt;p&gt;&lt;strong&gt;Decree of the President of the Republic of Uzbekistan&amp;nbsp;&lt;br /&gt;\r\nFor millennia embodied the unique values ​​of our people and reached us as a precious heritage of our ancestors, ancient festival of Navruz in the years of independence gains deeper meaning and content, gets an important place in our lives. It has become a tradition to thoroughly and carefully prepare and well everywhere celebrate Navruz, which is a symbol of our nation awakening of nature, the beginning of the new year on the eastern calendar, a truly national and favorite holiday.&amp;nbsp;&lt;br /&gt;\r\n&lt;br /&gt;\r\nGiven the increasing role and importance of this holiday in our spiritual life, strengthening of harmony between man and nature, the social approval of atmosphere of humanity, kindness and mercy, respect and attention to the older generation, caring for younger, good-neighborliness and tolerance, education of the younger generation in the spirit of national and human values ​​and the purpose of the festival of Navruz at a high level:&amp;nbsp;&lt;br /&gt;\r\n&lt;br /&gt;\r\n1. To approve the organizing committee on preparation and celebration of the national holiday of Navruz in 2015, according to the application.&amp;nbsp;&lt;br /&gt;\r\n&lt;br /&gt;\r\nOrganizing Committee to develop and implement a plan of organizational and practical, cultural and educational activities for the celebration of Navruz in our capital - the city of Tashkent, the Republic of Karakalpakstan and regional centers, in all cities, districts and villages as a national Sayil.&amp;nbsp;&lt;br /&gt;\r\n&lt;br /&gt;\r\n2. To pay special attention to:&amp;nbsp;&lt;br /&gt;\r\n&lt;br /&gt;\r\n- The organization of spiritual and educational activities to promote awareness of the truth, that in the days of Navruz people more fully feel its inextricable link with nature, mother earth, appreciates her generous gifts, live with a sense of gratitude for the peaceful sky above us;&amp;nbsp;&lt;br /&gt;\r\n&lt;br /&gt;\r\n- Coverage during field activities in the media history of Navruz, the nature and value of the related good traditions, customs and values;&amp;nbsp;&lt;br /&gt;\r\n&lt;br /&gt;\r\n- Assistance and support to those who need them, showing respect and care about the people of the older generation, to foster a spirit of friendship and harmony inherent in the philosophy of Navruz - the favorite holiday of all our fellow citizens, regardless of their nationality, language and religion;&amp;nbsp;&lt;br /&gt;\r\n&lt;br /&gt;\r\n- Conducting in the days of Navruz, which is a symbol of the new season beginning in agriculture, update, abundance and prosperity, in the mahallas, towns and villages khashars, extensive work on landscaping and gardening;&amp;nbsp;&lt;br /&gt;\r\n&lt;br /&gt;\r\n- Involvement in the preparation of holiday programs in the Republic of Karakalpakstan, regional centers and Tashkent city folk, family ensembles, amateur groups, folk storytellers - Bakhshi, as well as professional artists and talented entertainers on a competitive basis;&amp;nbsp;&lt;br /&gt;\r\n&lt;br /&gt;\r\n- Inclusion in the public art programs outstanding examples of folk art, folk games, ancient customs, songs and melodies in praise of great human qualities.&amp;nbsp;&lt;br /&gt;\r\n&lt;br /&gt;\r\n3. To establish that the festive events funded by:&amp;nbsp;&lt;br /&gt;\r\n&lt;br /&gt;\r\nin the Republic of Karakalpakstan and regions - at the expense of local budgets, as well as means of Sponsoring Organizations;&amp;nbsp;&lt;br /&gt;\r\n&lt;br /&gt;\r\nin Tashkent - at the expense of the republican budget and local budgets of the city of Tashkent in equal shares.&amp;nbsp;&lt;br /&gt;\r\n&lt;br /&gt;\r\n4. To recommend&amp;nbsp; National Information Agency of Uzbekistan, the National Broadcasting Company of Uzbekistan, Information Agency &amp;quot;Jahon&amp;quot; and other media to publicize a course of preparation and celebration of the national holiday of Navruz.&amp;nbsp;&lt;br /&gt;\r\n&lt;br /&gt;\r\n5. The enforcement of this decision to assign to the Prime Minister of the Republic of Uzbekistan Sh.Mirziyoyev.&amp;nbsp;&lt;br /&gt;\r\n&lt;br /&gt;\r\n&lt;strong&gt;President of Uzbekistan Islam Karimov&amp;nbsp;&lt;br /&gt;\r\nTashkent, 25 February 2015&lt;/strong&gt;&lt;/strong&gt;&lt;/p&gt;\r\n\r\n&lt;p&gt;&amp;nbsp;&lt;/p&gt;','','','',1,0,'','','','2015-02-26 08:58:04','0000-00-00 00:00:00','2015-02-26 00:00:00',0,0,0,'',1,1,0),(37,0,26,0,1,'Meeting at Parliament','Meeting with the Ambassador of France in Uzbekistan','&lt;p&gt;&lt;a href=&quot;http://www.parliament.gov.uz/en/events/international/14152&quot;&gt;&lt;span style=&quot;color:#0000FF&quot;&gt;&lt;strong&gt;&lt;span style=&quot;font-size:14px&quot;&gt;&lt;span style=&quot;font-family:arial,helvetica,sans-serif&quot;&gt;Meeting with the Ambassador of France in Uzbekistan&amp;nbsp;&lt;/span&gt;&lt;/span&gt;&lt;/strong&gt;&lt;/span&gt;&lt;/a&gt;&lt;/p&gt;','','','',1,0,'','','','2015-02-27 05:40:54','0000-00-00 00:00:00','2015-02-27 00:00:00',0,0,0,'',1,1,0),(38,0,0,0,0,'Taskent','','','5d6edd876c5a70312a4207899b448eb0.jpg','','',9,1,'','','http://uzbekistan-embassy.or.id/public_assets/gallery/images/5d6edd876c5a70312a4207899b448eb0.jpg','2015-02-27 05:53:35','0000-00-00 00:00:00','0000-00-00 00:00:00',0,0,0,'',0,0,0),(40,0,26,0,1,'President of Uzbekistan I.Karimov chaired a regular meeting of the Board of trustees of the Fund for the development of children’s sports of Uzbekistan','','&lt;p style=&quot;text-align:justify&quot;&gt;The head of our state expounded on the efforts undertaken by the Fund last year and issues in the further perfection of its activities.&lt;/p&gt;\r\n\r\n&lt;p style=&quot;text-align:justify&quot;&gt;&amp;ldquo;Today, our life confirms the aptness of the establishment of this fund that serves to promote children&amp;rsquo;s sports, nurture a healthy and comprehensively advanced generation,&amp;rdquo; President Islam Karimov said.&lt;/p&gt;\r\n\r\n&lt;p style=&quot;text-align:justify&quot;&gt;&amp;ldquo;Sports have become an inseparable part of the lives of our families and been cemented in the consciousness of our people. Parents are bringing their kids to sports hobby groups. Boys and girls going in for sports are growing healthy, strong and resolute, and their world outlook has been changing. In a word, our nation has manifested itself in sports, as well.&amp;rdquo;&lt;/p&gt;\r\n\r\n&lt;p style=&quot;text-align:justify&quot;&gt;Wide-ranging works are underway in our country in the name of this noble end. The measures being taken to prop up healthy lifestyle, consolidate families, secure the protection of motherhood and childhood have been helping bolster the health of the population and boost the living standards.&lt;/p&gt;\r\n\r\n&lt;p style=&quot;text-align:justify&quot;&gt;The principal criterion of these endeavors is to ensure the health of children. After all, a sound child will grow into a physically powerful, strong-willed and reasonable person capable of achieving the goals set and of bringing good for the family and society.&lt;/p&gt;\r\n\r\n&lt;p style=&quot;text-align:justify&quot;&gt;Uzbekistan&amp;rsquo;s Fund for the Development of Children&amp;rsquo;s Sports has been instrumental in fostering a comprehensively advanced generation. From the moment it was set up, more than 1,700 sporting facilities have been erected in our country. They are outfitted with state-of-the-art hardware and equipment that indisputably promotes regular attendance of sports, consolidation of children&amp;rsquo;s health, triumphs of our youth in the international arena and amplification of our Motherland&amp;rsquo;s standing.&lt;/p&gt;\r\n\r\n&lt;p style=&quot;text-align:justify&quot;&gt;Extensive efforts have been undertaken within the frameworks of the National Program for Bolstering the Economic and Technical Capacities and Further Improving the Activities of Children&amp;rsquo;s Music and Arts Schools for 2009-2014. In particular, 278 children&amp;rsquo;s music and arts schools have been commissioned. They were supplied with more than 30 thousand new music instruments, 61 thousand copies of learning guides, notes of national and world music compositions.&lt;/p&gt;\r\n\r\n&lt;p style=&quot;text-align:justify&quot;&gt;Islam Karimov noted the necessity of consistent continuation of works directed at building music and arts schools and of elaborating a new concept to further these goals. Uzbekistan&amp;rsquo;s leader stressed the importance of studying the classics of world music art in these schools alongside the national music heritage.&lt;/p&gt;\r\n\r\n&lt;p style=&quot;text-align:justify&quot;&gt;Physical and spiritual development constitutes the two wings of the person. Sport hardens the body and willpower, while arts nurture taste and uplift the cultural state of mind. Children going in for sports are confident in themselves, whereas people who understand and value the beautiful wield a broad outlook. Such youths enrich the society and will never stray from the right path.&lt;/p&gt;\r\n\r\n&lt;p style=&quot;text-align:justify&quot;&gt;In the year 2014 that was announced in Uzbekistan as the Year of Healthy Child, the scale of these works expanded even more. The implementation of the National Program adopted in connection with that helped boost the medical culture of the population, effectiveness of diseases prophylaxis, affirmation of the healthy lifestyle and the dynamic development of sports.&lt;/p&gt;\r\n\r\n&lt;p style=&quot;text-align:justify&quot;&gt;Within the frameworks of the concept &amp;ldquo;Healthy Mother &amp;ndash; Healthy Child&amp;rdquo;, women and children have been undergoing medical examination and they have been extensively engaged in sports. As a result of these gracious endeavors, birth of children with congenital pathologies has decreased 1.3 times. Morbidity with acute infections among children aged 6-15 has declined by 34.4 percent, with pneumonia by 49.7 percent, with bronchitis by 32.8%, and scoliosis by 32.7 percent.&lt;/p&gt;\r\n\r\n&lt;p style=&quot;text-align:justify&quot;&gt;The resolution of the head of our state &amp;ldquo;On the National Program to Further Boost the Reproductive Health of the Population, Protect the Health of Mothers, Children and Teenagers in Uzbekistan for 2014-2018&amp;rdquo;, signed 1 August 2014, has stimulated the enhancement of opportunities for the physical and spiritual development of our children and the further perfection of the youth policy.&lt;/p&gt;\r\n\r\n&lt;p style=&quot;text-align:justify&quot;&gt;The meeting participants analyzed comprehensively the works designed to construct, repair and outfit the sporting facilities and swimming pools. A special significance was placed on issues relating to the elevation of effectiveness in the operation of sports complexes and on those pertinent to a more extensive engagement of children, especially girls, in sports.&lt;/p&gt;\r\n\r\n&lt;p style=&quot;text-align:justify&quot;&gt;The efforts in the construction, reconstruction and capital overhaul of the sports facilities and children&amp;rsquo;s music and arts schools were continued steadily in 2014. In particular, 115 facilities of children&amp;rsquo;s sports and 48 children&amp;rsquo;s music and arts schools were erected.&lt;/p&gt;\r\n\r\n&lt;p style=&quot;text-align:justify&quot;&gt;Owing to the fact that all the sports complexes were provided with cutting-edge sporting equipment and staffed with qualified coaches, the mass nature of sports has been expanding. Currently, in excess of two million children are involved in 30 types of sports. Average usage of sporting facilities constitutes 9.8 hours per day.&lt;/p&gt;\r\n\r\n&lt;p style=&quot;text-align:justify&quot;&gt;Facilities of children&amp;rsquo;s sports are being equipped with hardware and tools of mostly local production. 116 types of sporting equipment and stock out of 120 are currently manufactured by enterprises of our country.&lt;/p&gt;\r\n\r\n&lt;p style=&quot;text-align:justify&quot;&gt;For girls, sports uniforms suiting the national mentality of our people are produced, and wider opportunities for training coach women and physical culture teachers are being created.&lt;/p&gt;\r\n\r\n&lt;p style=&quot;text-align:justify&quot;&gt;The head of our state underlined specifically the importance of further promotion of the activities of the Fund meeting contemporary requirements.&lt;/p&gt;\r\n\r\n&lt;p style=&quot;text-align:justify&quot;&gt;Life does not stand intact. Requirements change over the course of time, and competition rises. For this reason, we should critically reassess the efforts undertaken to promote sports with a close eye on contemporary developments.&lt;/p&gt;\r\n\r\n&lt;p style=&quot;text-align:justify&quot;&gt;Athletes of our country have been preparing actively for the Summer Olympics 2016. In accordance with the 25 February 2013 resolution of the head of our state &amp;ldquo;On Preparing the Athletes of Uzbekistan for the 31st Summer Olympic Games and the 15th Paralympics 2016 due in the City of Rio de Janeiro, Brazil&amp;rdquo;, endeavors on this front have been in progress in modern conditions and environment.&lt;/p&gt;\r\n\r\n&lt;p style=&quot;text-align:justify&quot;&gt;Victories of our sportspeople play an important role in the extensive popularization of sports. Looking at young men and women triumphant in international competitions and holding Uzbekistan&amp;rsquo;s flag high, we all experience boundless pride and joy. Such achievements help amplify the glory of our native land in the international arena.&lt;/p&gt;\r\n\r\n&lt;p style=&quot;text-align:justify&quot;&gt;It was pointed out that it is essential to raise the works carried out in this sphere to a new level, train highly professional athletes and enhance their participation in international contests.&lt;/p&gt;\r\n\r\n&lt;p style=&quot;text-align:justify&quot;&gt;Each type of sports has to have a special complex. In order to further this end, it is imperative to build specialized sports complexes in all the regions of the country to train international class masters of sports. Those facilities ought to be staffed with the most qualified coaches, and if need be &amp;ndash; specialists should be invited from abroad, while the expertise of advanced nations in sports should be studied, the President of our country said.&lt;/p&gt;\r\n\r\n&lt;p style=&quot;text-align:justify&quot;&gt;The session participants discussed the works to be embarked on in 2015. Tasks have been outlined concerning the construction and reconstruction of sporting facilities, the provision of them with necessary equipment and stock.&lt;/p&gt;\r\n\r\n&lt;p style=&quot;text-align:justify&quot;&gt;Deputy Prime Minister of the Republic of Uzbekistan Adham Ikramov, Minister of Public Education Ulughbek Inoyatov, Deputy Minister of Public Education &amp;ndash; Executive Director of the Fund for the Development of Children&amp;rsquo;s Sports Erkin Iskandarov, Chairman of the National Olympic Committee of Uzbekistan Mirabror Usmanov, heads of a range of ministries and agencies as well as hokims of regions spoke on the issues discussed.&lt;/p&gt;\r\n\r\n&lt;p style=&quot;text-align:justify&quot;&gt;Corresponding decisions were adopted on the issues deliberated at the meeting.&lt;/p&gt;','','','',1,0,'','','','2015-02-27 09:43:31','0000-00-00 00:00:00','2015-02-27 00:00:00',0,0,0,'',1,1,0),(41,0,39,0,1,'Meeting with Minister of Foreign Affairs of RI','','&lt;p&gt;&lt;span style=&quot;font-family:arial,helvetica,sans-serif; font-size:14px&quot;&gt;JAKARTA, 10 March 2014&amp;nbsp;- H.E. Dr. R.M. Marty M. Natalegawa, Minister of Foreign Affairs of Indonesia received a courtesy call from H.E. Murod Askarov, Deputy Minister of Foreign Affairs of the Republic of Uzbekistan on 10 March 2014 at the MFA of Indonesia&lt;/span&gt;&lt;/p&gt;\r\n\r\n&lt;p&gt;&lt;span style=&quot;font-family:arial,helvetica,sans-serif; font-size:14px&quot;&gt;&lt;img alt=&quot;&quot; src=&quot;http://www.uzbekistan-embassy.or.id/public_assets/gallery/images/b739d50826b99dcb260a1a2fa0a9fc68.png&quot; style=&quot;height:194px; width:316px&quot; /&gt;&lt;/span&gt;&lt;/p&gt;\r\n\r\n&lt;p style=&quot;text-align:justify&quot;&gt;&lt;strong&gt;JAKARTA, 11 March 2014&lt;/strong&gt;&amp;nbsp;- H.E. Le Luong Minh, Secretary-General of ASEAN received a courtesy call from H.E. Murod Askarov, Deputy Minister of Foreign Affairs of the Republic of Uzbekistan on 11 March 2014 at the ASEAN Secretariat.&lt;/p&gt;\r\n\r\n&lt;p style=&quot;text-align:justify&quot;&gt;&lt;span style=&quot;font-family:arial,helvetica,sans-serif; font-size:10pt&quot;&gt;Secretary-General Minh welcomed the interest expressed by Uzbekistan in enhancing relationship and cooperation with ASEAN and ASEAN Member States and looked forward to closer collaboration and cooperation with Uzbekistan, including through region-to-region cooperation frameworks under the Shanghai Cooperation Organisation (SCO) and Economic Cooperation Organisation (ECO) frameworks, of which Uzbekistan is a member. He also stated that there are potentials and opportunities for ASEAN and Uzbekistan to explore further cooperation. He said that ASEAN welcomes the accreditation of the Ambassador of Uzbekistan to ASEAN. Further, he briefed H.E. Askarov on the achievements in the ASEAN Community building and the development of ASEAN Community&amp;rsquo;s Post-2015 Vision.&lt;/span&gt;&lt;/p&gt;\r\n\r\n&lt;p style=&quot;text-align:justify&quot;&gt;&lt;span style=&quot;font-family:arial,helvetica,sans-serif; font-size:10pt&quot;&gt;H.E. Murod Askarov expressed his appreciation to Secretary-General Minh for the opportunity to meet and discuss ways and means for Uzbekistan to boost its relations with ASEAN. He stated that Uzbekistan would seek to enhance cooperation with ASEAN and ASEAN Member States, particularly in trade, investment, finance and tourism. Given the robust economies of ASEAN Member States and the potentials on both sides, the current two-way trade volume between Uzbekistan and ASEAN remained relatively low. He expressed Uzbekistan&amp;rsquo;s desire to pursue a form of partnership with ASEAN and invited Secretary-General Minh to pay an official visit to Uzbekistan at a convenient opportunity.&lt;/span&gt;&lt;/p&gt;\r\n\r\n&lt;p style=&quot;text-align:justify&quot;&gt;&lt;span style=&quot;font-family:arial,helvetica,sans-serif; font-size:10pt&quot;&gt;Secretary-General Minh and H.E. Murod Askarov also exchanged views on a number of current regional and international issues.&amp;nbsp;&lt;/span&gt;&amp;nbsp;&lt;/p&gt;\r\n\r\n&lt;p&gt;&lt;img alt=&quot;&quot; src=&quot;http://www.uzbekistan-embassy.or.id/public_assets/gallery/images/2dbf8685141a9c4b659a32de37da3d82.jpg&quot; style=&quot;font-family:arial,helvetica,sans-serif; font-size:14px; height:200px; line-height:22.3999996185303px; width:302px&quot; /&gt;&lt;/p&gt;\r\n\r\n&lt;p&gt;&lt;span style=&quot;color:rgb(136, 136, 136); font-family:arial,sans-serif; font-size:10pt&quot;&gt;Jakarta, 11 March 2014, The Vice Minister of Trade, of Indonesia H.E. Mr. Bayu Krisnamurthi, accompanied by the Indonesian Ambassador to Uzbekistan H.E. Mr M.Asruchin, the Economic Counselor of the Indonesian Embassy in Uzbekistan Priadji Soelaiman, the Director of South and Central Asia of Indonesia&amp;rsquo;s Ministry of Foreign Affairs Mrs. Listyowati and the Director of Export and Import Facilitates,&lt;/span&gt;&lt;span style=&quot;color:rgb(136, 136, 136); font-family:arial,sans-serif; font-size:10pt&quot;&gt;Mr. Nusa Eka, received a courtesy call from the Deputy Foreign Minister of Uzbekistan, H.E. Mr. Murad Askarov at the Ministry of Trade Office on Tuesday.&lt;/span&gt;&lt;/p&gt;\r\n\r\n&lt;p&gt;&amp;nbsp;&lt;/p&gt;','af27ac356c283647b375137ac3e71c6d.jpg','','',1,0,'','','http://uzbekistan-embassy.or.id/public_assets/news/af27ac356c283647b375137ac3e71c6d.jpg','2015-02-27 09:55:51','0000-00-00 00:00:00','2015-02-27 00:00:00',0,0,0,'',1,1,0),(42,0,0,0,0,'2014','','','ef7de59ddb59f92d3270b6b77a5143f9.png','','',9,1,'','','http://uzbekistan-embassy.or.id/public_assets/gallery/images/ef7de59ddb59f92d3270b6b77a5143f9.png','2015-02-27 10:00:53','0000-00-00 00:00:00','0000-00-00 00:00:00',0,0,0,'',0,2,0),(43,0,41,0,1,'Official visit of the President of the Republic of Uzbekistan Islam Karimov to the Republic of Indonesia','','&lt;p&gt;&lt;span style=&quot;color:rgb(0, 0, 0); font-family:verdana,tahoma; font-size:12px&quot;&gt;In June 1992 the State visit of the President of Uzbekistan to Jakarta took place. During the visit a Joint communiqu&amp;eacute; on mutual relations was approved and an Agreement on economic and technical cooperation was signed.&lt;/span&gt;&lt;/p&gt;','','','',1,0,'','','','2015-02-27 11:00:56','0000-00-00 00:00:00','2015-02-27 00:00:00',0,0,0,'',1,1,0),(44,0,42,0,1,'State visit of the President of the Republic of Indonesia H.E.Mr. Suharto to the Republic of Uzbekistan','','&lt;p&gt;&lt;span style=&quot;color:rgb(0, 0, 0); font-family:verdana,tahoma; font-size:12px&quot;&gt;In April 1995 the State visit of the President of Indonesia Suharto to Uzbekistan took place.&lt;/span&gt;&lt;/p&gt;','','','',1,0,'','','','2015-02-27 11:06:44','0000-00-00 00:00:00','2015-02-27 00:00:00',0,0,0,'',1,1,0),(45,0,26,0,1,'Meeting with Ambassador of Germany','','&lt;div style=&quot;color: rgb(0, 0, 0); font-family: Georgia, \'Times New Roman\', Times, serif; font-size: 14.3999996185303px; line-height: normal; text-align: justify; background-color: rgb(252, 252, 252);&quot;&gt;&lt;strong&gt;On February 27, 2015, the Minister of Foreign Affairs of the Republic of Uzbekistan Abdulaziz Kamilov received&amp;nbsp;&lt;/strong&gt;&lt;strong&gt;Neithart&lt;em&gt;&amp;nbsp;&lt;/em&gt;H&amp;ouml;fer-Wissing the Ambassador Extraordinary and Plenipotentiary of the Federal Republic of Germany.&lt;/strong&gt;&lt;/div&gt;\r\n\r\n&lt;p&gt;&lt;br /&gt;\r\n&lt;span style=&quot;background-color:rgb(252, 252, 252); color:rgb(0, 0, 0); font-family:georgia,times new roman,times,serif; font-size:14.3999996185303px&quot;&gt;The state and prospects of bilateral relations, the implementation of agreements that reached within the framework of ministerial political consultations on 14-15 October 2014 in Berlin have been discussed during the talks.&amp;nbsp;&lt;/span&gt;&lt;br /&gt;\r\n&lt;br /&gt;\r\n&lt;span style=&quot;background-color:rgb(252, 252, 252); color:rgb(0, 0, 0); font-family:georgia,times new roman,times,serif; font-size:14.3999996185303px&quot;&gt;The parties noted the mutual interest in the continuation of the Uzbek-German political dialogue and the progressive development of long-term cooperation in trade, economic, investment, cultural and humanitarian fields.&amp;nbsp;&lt;/span&gt;&lt;br /&gt;\r\n&lt;br /&gt;\r\n&lt;span style=&quot;background-color:rgb(252, 252, 252); color:rgb(0, 0, 0); font-family:georgia,times new roman,times,serif; font-size:14.3999996185303px&quot;&gt;The Ambassador informed about the nomination of the German non-permanent members of the UN Security Council for 2019-2020 years.&amp;nbsp;&lt;/span&gt;&lt;br /&gt;\r\n&lt;br /&gt;\r\n&lt;span style=&quot;background-color:rgb(252, 252, 252); color:rgb(0, 0, 0); font-family:georgia,times new roman,times,serif; font-size:14.3999996185303px&quot;&gt;Moreover views on the upcoming schedule of bilateral contacts at various levels, some international issues exchanged at the meeting.&lt;/span&gt;&lt;/p&gt;','','','',1,0,'','','','2015-03-02 12:45:30','0000-00-00 00:00:00','2015-03-02 00:00:00',0,0,0,'',1,1,0),(46,0,26,0,1,'Appointed new rector of UWED','','&lt;p&gt;&lt;strong&gt;On March 3, 2015, Minister of Foreign Affairs of the Republic of Uzbekistan Abdulaziz Kamilov presented the new rector Abdumalik Djumanov to the Academic Council of the University of World Economy and Diplomacy of the Ministry of Foreign Affairs, who was appointed to this post by the resolution of the Cabinet of Ministers of the Republic of Uzbekistan on March 2, 2015.&amp;nbsp;&lt;/strong&gt;&lt;br /&gt;\r\n&lt;br /&gt;\r\n&lt;span style=&quot;background-color:rgb(252, 252, 252); color:rgb(0, 0, 0); font-family:georgia,times new roman,times,serif; font-size:14.3999996185303px&quot;&gt;A.Djumanov previously worked as a rector of Westminster International University in Tashkent.&amp;nbsp;&lt;/span&gt;&lt;br /&gt;\r\n&amp;nbsp;&lt;/p&gt;\r\n\r\n&lt;div style=&quot;color: rgb(0, 0, 0); font-family: Georgia, \'Times New Roman\', Times, serif; font-size: 14.3999996185303px; line-height: normal; background-color: rgb(252, 252, 252);&quot;&gt;&lt;strong&gt;source: www.mfa.uz&lt;/strong&gt;&lt;/div&gt;\r\n\r\n&lt;div&gt;&amp;nbsp;&lt;/div&gt;','','','',1,0,'','','','2015-03-05 03:52:00','0000-00-00 00:00:00','2015-03-05 00:00:00',0,0,0,'',1,1,0),(47,0,26,0,1,'Uzbekistan to participate in the Meeting of the Dialogue &quot;Central Asia + Japan&quot;','','&lt;p&gt;&lt;strong&gt;On March 4, 2015 the delegation of the Republic of Uzbekistan will take part in the 9th Meeting of Senior Officials Dialogue &amp;quot;Central Asia + Japan&amp;quot; in Tokyo, reports press service of MFA.&lt;/strong&gt;&lt;span style=&quot;background-color:rgb(252, 252, 252); color:rgb(0, 0, 0); font-family:georgia,times new roman,times,serif; font-size:14.3999996185303px&quot;&gt;&amp;nbsp;&lt;/span&gt;&lt;br /&gt;\r\n&lt;br /&gt;\r\n&lt;span style=&quot;background-color:rgb(252, 252, 252); color:rgb(0, 0, 0); font-family:georgia,times new roman,times,serif; font-size:14.3999996185303px&quot;&gt;According to the report of the Foreign Ministry of Uzbekistan, deputy foreign ministers of the participating countries will consider the development of cooperation in agriculture and in other areas of cooperation.&amp;nbsp;&lt;/span&gt;&lt;br /&gt;\r\n&amp;nbsp;&lt;/p&gt;\r\n\r\n&lt;div style=&quot;color: rgb(0, 0, 0); font-family: Georgia, \'Times New Roman\', Times, serif; font-size: 14.3999996185303px; line-height: normal; background-color: rgb(252, 252, 252);&quot;&gt;&lt;strong&gt;IA &amp;quot;Jahon&amp;quot;&lt;/strong&gt;&lt;/div&gt;','','','',1,0,'','','','2015-03-05 03:53:32','0000-00-00 00:00:00','2015-03-05 00:00:00',0,0,0,'',1,1,0),(51,0,26,0,1,'Sustainable development in Uzbekistan','','&lt;p&gt;&lt;strong&gt;Sixty-ninth session &lt;/strong&gt;&lt;/p&gt;\r\n\r\n&lt;p&gt;Agenda item 19&lt;/p&gt;\r\n\r\n&lt;p&gt;&lt;strong&gt;Sustainable development &lt;/strong&gt;&lt;/p&gt;\r\n\r\n&lt;p&gt;&amp;nbsp;&lt;/p&gt;\r\n\r\n&lt;p&gt;&lt;strong&gt;Letter dated 6 February 2015 from the Permanent Representative of Uzbekistan to the United Nations addressed to the Secretary-General &lt;/strong&gt;&lt;/p&gt;\r\n\r\n&lt;p&gt;&amp;nbsp;&lt;/p&gt;\r\n\r\n&lt;p&gt;I have the honour to transmit herewith information on the outcomes of the socioeconomic development programme of the Republic of Uzbekistan in 2014 and on the priorities of the economic programme in 2015 (see annex).&lt;/p&gt;\r\n\r\n&lt;p&gt;I would appreciate it if you could circulate the present letter and its annex as a document of the sixty-ninth session of the General Assembly, under agenda item 19.&lt;/p&gt;\r\n\r\n&lt;p&gt;(&lt;em&gt;Signed&lt;/em&gt;) Muzaffar &lt;strong&gt;Madrakhimov&lt;/strong&gt;&lt;/p&gt;\r\n\r\n&lt;p&gt;&amp;nbsp;&lt;/p&gt;\r\n\r\n&lt;p&gt;&amp;nbsp;&lt;/p&gt;\r\n\r\n&lt;p&gt;&lt;strong&gt;A/69/769 &lt;/strong&gt;&lt;/p&gt;\r\n\r\n&lt;p&gt;15-01852 2/3&lt;/p&gt;\r\n\r\n&lt;p&gt;&amp;nbsp;&lt;/p&gt;\r\n\r\n&lt;p&gt;&lt;strong&gt;Annex to the letter dated 6 February 2015 from the Permanent Representative of Uzbekistan to the United Nations addressed to the Secretary-General&lt;/strong&gt;&lt;/p&gt;\r\n\r\n&lt;p&gt;[Original: Russian]&lt;/p&gt;\r\n\r\n&lt;p&gt;&amp;nbsp;&lt;/p&gt;\r\n\r\n&lt;p&gt;&lt;strong&gt;Outcomes of the socioeconomic development programme in the Republic of Uzbekistan in 2014 and priorities of the economic programme in 2015&lt;/strong&gt;&lt;/p&gt;\r\n\r\n&lt;p&gt;&amp;nbsp;&lt;/p&gt;\r\n\r\n&lt;p&gt;On 16 January 2015, the Cabinet of Ministers of the Republic of Uzbekistan held a meeting on the outcomes of the socioeconomic development programme in Uzbekistan in 2014 and the priorities of the economic programme in 2015. The President of Uzbekistan, Islam Karimov, presented a report at the meeting.&lt;/p&gt;\r\n\r\n&lt;p&gt;In his statement, the President noted that, despite the impact of the ongoing global financial and economic crisis, slowing growth rates in the world economy, and deepening stagnation and recession in many countries, Uzbekistan had achieved stable high rates of development of the economy and its major sectors in 2014, thanks to targeted and systematic implementation of the priorities of its economic programme.&lt;/p&gt;\r\n\r\n&lt;p&gt;The outcomes for 2014 indicate that the country&amp;rsquo;s gross domestic product (GDP) rose by 8.1 per cent, with an 8.3 per cent increase in industrial production, a 6.9 per cent increase in agricultural production, a 10.9 per cent increase in capital construction and a 14.3 per cent increase in retail trade. Around 70 per cent of production consisted of finished goods with high added value.&lt;/p&gt;\r\n\r\n&lt;p&gt;Inflation was 6.1 per cent, significantly lower than estimates. The State budget had a surplus of 0.2 per cent of GDP, with a decrease in the tax burden from 20.5 to 20.0 per cent of GDP and a reduction in the corporate income tax rate from 9 to 8per cent.&lt;/p&gt;\r\n\r\n&lt;p&gt;The reform and strengthening of the banking system created the necessary preconditions for a reduction in the Central Bank refinancing rate from 12 to 10 per cent and a corresponding decrease in the interest rate for commercial bank loans. In recent years, the leading international credit rating agencies have rated the outlook for the Uzbek banking system as &amp;ldquo;stable&amp;rdquo;.&lt;/p&gt;\r\n\r\n&lt;p&gt;The implementation of a carefully planned active investment policy on large-scale modernization and the technical and technological upgrading of production as well as social, transportation and communications infrastructure has led to a 10.9per cent increase (equivalent to $14.6 billion) in investments in the economy. More than 21.2 per cent of all capital investments were from foreign investments and loans, three quarters of which were foreign direct investment. Over 73 per cent of investments went into industrial construction. In the maineconomic sectors, 154major facilities fitted out with the latest high-technology equipment and valued at over $4.2 billion were brought online.&lt;/p&gt;\r\n\r\n&lt;p&gt;Ongoing measures were implemented to support and stimulate Uzbek export producers, boost the competitiveness of their products and help them enter new markets. As a result, there was a net trade surplus of $180 million, and gold and foreign-exchange reserves increased by $1.6 billion.&lt;/p&gt;\r\n\r\n&lt;p&gt;Systematic measures were undertaken to improve the business environment and create more favourable conditions for small business and private enterprise development. These measures included the opening of a &amp;ldquo;single window&amp;rdquo;for the establishment of businesses, maximum streamlining of statistical and tax reporting by small businesses, and significant broadening of access to raw materials for private entrepreneurs. As a result, the share of GDP attributable to small business has grown from 31 to 56 per cent since 2000, while its share of industrial production has increased from 12.9 to 31.1 per cent.&lt;/p&gt;\r\n\r\n&lt;p&gt;The share of GDP represented by services rose from 53 to 54 per cent. Among high-technology services, the fastest development has been seen in communications and information technology services, which have grown 3.3-fold over the past five years, with growth of 24.5 per cent last year.&lt;/p&gt;\r\n\r\n&lt;p&gt;This dynamic and balanced economic development has laid a solid foundation for steady improvement in the standard of living and quality of life of the Uzbek people. The wages of employees of State-funded organizations, as well as pensions and stipends, increased by 23.2 per cent last year. Real per capita income rose by 10.2 per cent. In 2014, around one million jobs were created, 60 per cent of them in rural municipalities, and over 600,000 recent graduates found employment.&lt;/p&gt;\r\n\r\n&lt;p&gt;In his report, the President set out and analysed the remaining problems to be solved and described the actions planned in order to implement the priorities and manage the country&amp;rsquo;s socioeconomic development in 2015.&lt;/p&gt;\r\n\r\n&lt;p&gt;He outlined the tasks to be carried out at all levels of Government by ministries, departments, economic associations and khokimiyats (local governing bodies) to ensure that the necessary measures are taken to maintain high rates of economic growth, extend the structural transformation of the economy, modernize and actively diversify the main industrial sectors,foster the localization of production, and develop the transportation and communications infrastructure. Organizational measures were set out that will further reduce the State presence in the economy to strategically and economically justifiable levels; overhaul the principles of and approaches to corporate management; eliminate all barriers to and restrictions on complete freedom of private property and private entrepreneurship; and create the necessary conditions to ensure jobs for Uzbeks and increase their standard of living and quality of life.&lt;/p&gt;\r\n\r\n&lt;p&gt;A particular focus was ensuring the implementation of policy measures on the achievement of the goals and objectives for the current year established in connection with the declaration of 2015 as the year of attention to and concern for the older generation, including measures to ensure comprehensive support for seniors, particularly veterans of the war and the labour front of 1941-1945, a higher level and quality of medical and social services, the provision of assistive devices and technologies for rehabilitation, and a complete upgrade of the system of organization of daily living activities and leisure activities for the elderly.&lt;/p&gt;\r\n\r\n&lt;p&gt;As the outcome of the meeting, the Government adopted a decision in which it identified practical steps towards the implementation of the priorities of the country&amp;rsquo;s economic programme for 2015.&lt;/p&gt;','','','',1,0,'','','','2015-03-10 03:09:00','0000-00-00 00:00:00','2015-03-10 00:00:00',0,0,0,'',1,1,0);
/*!40000 ALTER TABLE `uzbemb_news_content` ENABLE KEYS */;
UNLOCK TABLES;

--
-- Table structure for table `uzbemb_news_content_comment`
--

DROP TABLE IF EXISTS `uzbemb_news_content_comment`;
/*!40101 SET @saved_cs_client     = @@character_set_client */;
/*!40101 SET character_set_client = utf8 */;
CREATE TABLE `uzbemb_news_content_comment` (
  `id` int(11) NOT NULL AUTO_INCREMENT,
  `userid` int(11) NOT NULL,
  `contentid` int(11) NOT NULL,
  `comment` text NOT NULL,
  `date` datetime NOT NULL,
  `n_status` int(11) NOT NULL DEFAULT '1',
  PRIMARY KEY (`id`),
  KEY `date` (`date`),
  KEY `userid` (`userid`),
  KEY `contentid` (`contentid`)
) ENGINE=InnoDB DEFAULT CHARSET=utf8;
/*!40101 SET character_set_client = @saved_cs_client */;

--
-- Dumping data for table `uzbemb_news_content_comment`
--

LOCK TABLES `uzbemb_news_content_comment` WRITE;
/*!40000 ALTER TABLE `uzbemb_news_content_comment` DISABLE KEYS */;
/*!40000 ALTER TABLE `uzbemb_news_content_comment` ENABLE KEYS */;
UNLOCK TABLES;

--
-- Table structure for table `uzbemb_news_content_repo`
--

DROP TABLE IF EXISTS `uzbemb_news_content_repo`;
/*!40101 SET @saved_cs_client     = @@character_set_client */;
/*!40101 SET character_set_client = utf8 */;
CREATE TABLE `uzbemb_news_content_repo` (
  `id` int(11) NOT NULL AUTO_INCREMENT,
  `title` varchar(200) NOT NULL,
  `brief` text NOT NULL,
  `content` text NOT NULL,
  `typealbum` int(11) NOT NULL COMMENT '1:song;2:images;3:video',
  `gallerytype` int(11) NOT NULL COMMENT '0:content,1:contest',
  `files` varchar(200) NOT NULL COMMENT 'can be image or song',
  `thumbnail` varchar(200) NOT NULL,
  `fromwho` int(11) NOT NULL COMMENT '0;admin;1:user;2:pages',
  `otherid` int(11) NOT NULL,
  `userid` int(11) NOT NULL,
  `created_date` datetime NOT NULL,
  `langType` int(11) NOT NULL DEFAULT '0',
  `langTitle` varchar(100) DEFAULT NULL,
  `langDesc` varchar(300) DEFAULT NULL,
  `n_status` int(11) NOT NULL,
  PRIMARY KEY (`id`),
  KEY `otherid` (`otherid`),
  KEY `IDX_typeAlbum` (`typealbum`),
  KEY `IDX_Album_ID` (`gallerytype`),
  KEY `IDX_FROM_WHO` (`fromwho`)
) ENGINE=InnoDB AUTO_INCREMENT=19 DEFAULT CHARSET=utf8;
/*!40101 SET character_set_client = @saved_cs_client */;

--
-- Dumping data for table `uzbemb_news_content_repo`
--

LOCK TABLES `uzbemb_news_content_repo` WRITE;
/*!40000 ALTER TABLE `uzbemb_news_content_repo` DISABLE KEYS */;
INSERT INTO `uzbemb_news_content_repo` VALUES (1,'','','b57f3ec6d119da866197799a8bb02ac3.jpg',2,9,'http://localhost/uzbek/framework/public_assets/gallery/images/b57f3ec6d119da866197799a8bb02ac3.jpg','',0,2,0,'2014-12-15 18:57:23',0,NULL,NULL,1),(2,'','','b68d25c1f890c88f39f014a14c90a8ff.jpg',2,9,'http://localhost/uzbek/framework/public_assets/gallery/images/b68d25c1f890c88f39f014a14c90a8ff.jpg','',0,2,0,'2014-12-15 18:57:23',0,NULL,NULL,1),(3,'','','e0199f295df081cfc13dbd8d37131b83.jpg',2,9,'http://localhost/uzbek/framework/public_assets/gallery/images/e0199f295df081cfc13dbd8d37131b83.jpg','',0,2,0,'2014-12-15 18:57:23',0,NULL,NULL,2),(4,'','','e85a2d8bd6095c5b7eb2bd9166789016.jpg',2,9,'http://localhost/uzbek/framework/public_assets/gallery/images/e85a2d8bd6095c5b7eb2bd9166789016.jpg','',0,2,0,'2014-12-15 18:57:23',0,NULL,NULL,2),(5,'','','1467fa0cd45f5e64bd4fbdb7ef74349e.jpg',2,9,'http://localhost/uzbek/framework/public_assets/gallery/images/1467fa0cd45f5e64bd4fbdb7ef74349e.jpg','',0,3,0,'2014-12-15 19:02:31',0,NULL,NULL,1),(6,'','','fdbe29fd0645ac7d584d74c31d9cf8f5.jpg',2,9,'http://localhost/uzbek/framework/public_assets/gallery/images/fdbe29fd0645ac7d584d74c31d9cf8f5.jpg','',0,3,0,'2014-12-15 19:02:31',0,NULL,NULL,1),(7,'','','51bf202471dabe17030e777c5e307e6a.jpg',2,9,'http://localhost/uzbek/framework/public_assets/gallery/images/51bf202471dabe17030e777c5e307e6a.jpg','',0,3,0,'2014-12-15 19:02:31',0,NULL,NULL,1),(8,'','','4251f8f7677fb16e7623737b1e99bbfb.jpg',2,9,'http://uzbekistan-embassy.or.id/public_assets/gallery/images/4251f8f7677fb16e7623737b1e99bbfb.jpg','',0,11,0,'2014-12-24 18:53:59',0,NULL,NULL,1),(9,'','','',2,9,'http://uzbekistan-embassy.or.id/','',0,2,0,'2015-01-28 15:55:55',0,NULL,NULL,1),(10,'','','ade5ba607cbbe791075010c57192dbec.jpg',2,9,'http://uzbekistan-embassy.or.id/public_assets/gallery/images/ade5ba607cbbe791075010c57192dbec.jpg','',0,2,0,'2015-01-28 15:57:07',0,NULL,NULL,1),(11,'','','',2,9,'http://uzbekistan-embassy.or.id/','',0,21,0,'2015-01-29 21:32:13',0,NULL,NULL,2),(12,'','','4181569988566f441c63d2344521428e.jpg',2,9,'http://uzbekistan-embassy.or.id/public_assets/gallery/images/4181569988566f441c63d2344521428e.jpg','',0,21,0,'2015-01-29 21:32:36',0,NULL,NULL,1),(13,'','','04e828bf781d7277853095235dcf1de7.jpg',2,9,'http://uzbekistan-embassy.or.id/public_assets/gallery/images/04e828bf781d7277853095235dcf1de7.jpg','',0,21,0,'2015-01-29 22:01:15',0,NULL,NULL,1),(14,'','','4c68587a6780973226fd2b9ef11cd591.jpg',2,9,'http://uzbekistan-embassy.or.id/public_assets/gallery/images/4c68587a6780973226fd2b9ef11cd591.jpg','',0,21,0,'2015-01-30 10:21:30',0,NULL,NULL,1),(15,'','','b739d50826b99dcb260a1a2fa0a9fc68.png',2,9,'http://uzbekistan-embassy.or.id/public_assets/gallery/images/b739d50826b99dcb260a1a2fa0a9fc68.png','',0,42,0,'2015-02-27 10:01:19',0,NULL,NULL,2),(16,'','','c399c8251b09555634bf384a64e178e8.jpg',2,9,'http://uzbekistan-embassy.or.id/public_assets/gallery/images/c399c8251b09555634bf384a64e178e8.jpg','',0,42,0,'2015-02-27 10:01:19',0,NULL,NULL,1),(17,'','','2dbf8685141a9c4b659a32de37da3d82.jpg',2,9,'http://uzbekistan-embassy.or.id/public_assets/gallery/images/2dbf8685141a9c4b659a32de37da3d82.jpg','',0,42,0,'2015-02-27 10:01:19',0,NULL,NULL,1),(18,'','','1d050485639142fe9560cc9d1e07a599.jpg',2,9,'http://uzbekistan-embassy.or.id/public_assets/gallery/images/1d050485639142fe9560cc9d1e07a599.jpg','',0,38,0,'2015-03-10 18:02:16',0,NULL,NULL,1);
/*!40000 ALTER TABLE `uzbemb_news_content_repo` ENABLE KEYS */;
UNLOCK TABLES;

--
-- Table structure for table `uzbemb_topical_issues`
--

DROP TABLE IF EXISTS `uzbemb_topical_issues`;
/*!40101 SET @saved_cs_client     = @@character_set_client */;
/*!40101 SET character_set_client = utf8 */;
CREATE TABLE `uzbemb_topical_issues` (
  `id` int(11) NOT NULL AUTO_INCREMENT,
  `created_date` date NOT NULL,
  `posted_date` date NOT NULL,
  `expired_date` date DEFAULT NULL,
  `langid` tinyint(4) NOT NULL,
  `author_id` tinyint(4) DEFAULT NULL,
  `title_bhs` varchar(200) NOT NULL,
  `brief_bhs` text NOT NULL,
  `content_bhs` text NOT NULL,
  `title_en` varchar(200) NOT NULL,
  `brief_en` text NOT NULL,
  `content_en` text NOT NULL,
  `title_uzbek` varchar(200) NOT NULL,
  `brief_uzbek` text NOT NULL,
  `content_uzbek` text NOT NULL,
  `image` varchar(200) NOT NULL,
  `thumbnail_image` varchar(200) DEFAULT NULL,
  `slider_image` varchar(200) DEFAULT NULL,
  `url` varchar(200) DEFAULT NULL,
  `source_url` varchar(100) DEFAULT NULL,
  `file` varchar(200) NOT NULL,
  `icon_image` varchar(200) NOT NULL,
  `url_icon` varchar(200) DEFAULT NULL,
  `source_icon` varchar(100) DEFAULT NULL,
  `file_icon` varchar(200) NOT NULL,
  `filesize` int(11) DEFAULT NULL,
  `filesize_icon` int(11) DEFAULT NULL,
  `can_save` int(11) DEFAULT NULL,
  `tags` text,
  `n_stats` int(11) NOT NULL,
  PRIMARY KEY (`id`)
) ENGINE=InnoDB AUTO_INCREMENT=21 DEFAULT CHARSET=utf8;
/*!40101 SET character_set_client = @saved_cs_client */;

--
-- Dumping data for table `uzbemb_topical_issues`
--

LOCK TABLES `uzbemb_topical_issues` WRITE;
/*!40000 ALTER TABLE `uzbemb_topical_issues` DISABLE KEYS */;
INSERT INTO `uzbemb_topical_issues` VALUES (1,'2014-12-15','2015-03-02','0000-00-00',0,1,'Pemilihan Umum - 2014','Pemilihan Umum 2014','','Parliamentary Election  -2014','Election 2014','&lt;ul&gt;\r\n	&lt;li&gt;\r\n	&lt;p&gt;&lt;a href=&quot;http://elections.uz/en/events/news/3931/&quot;&gt;&lt;span style=&quot;color:#0000FF&quot;&gt;&lt;span style=&quot;font-size:14px&quot;&gt;&lt;span style=&quot;font-family:arial,helvetica,sans-serif&quot;&gt;&lt;strong&gt;Speech by deputy Chairman of the Central Election Commission of the Republic of Uzbekistan S.Artikova at the briefing for representatives of domestic and foreign media, on the results of elections to the Legislative Chamber of the Parliament of Uzbekistan&lt;/strong&gt;&lt;/span&gt;&lt;/span&gt;&lt;/span&gt;&lt;/a&gt;&lt;/p&gt;\r\n	&lt;/li&gt;\r\n&lt;/ul&gt;','Parlament sailovi  - 2014','Election 2014','','1bf47eee5c6b8c3128fe8b0f931d62ea.jpg',NULL,NULL,NULL,NULL,'http://localhost/uzbek/framework/public_assets/news/image/1bf47eee5c6b8c3128fe8b0f931d62ea.jpg','e2f6808743ab9778d9746c748c9f5c6b.png',NULL,NULL,'http://uzbekistan-embassy.or.id/public_assets/news/icon/e2f6808743ab9778d9746c748c9f5c6b.png',NULL,NULL,NULL,NULL,1),(15,'2015-01-25','2015-03-16','0000-00-00',0,1,'Pemilihan Umum Presiden - 2015','','','Presidential Election - 2015','','&lt;p&gt;&amp;nbsp;&lt;/p&gt;\r\n\r\n&lt;ul&gt;\r\n	&lt;li&gt;\r\n	&lt;p&gt;&lt;strong&gt;&lt;span style=&quot;font-size:14px&quot;&gt;&lt;a href=&quot;http://elections.uz/en/events/news/4342/&quot;&gt;&lt;span style=&quot;color:rgb(0, 0, 255)&quot;&gt;&lt;span style=&quot;font-family:arial,helvetica,sans-serif&quot;&gt;Resolution of the Central Election Commission of the Republic of Uzbekistan&lt;/span&gt;&lt;/span&gt;&lt;/a&gt;&lt;/span&gt;&lt;/strong&gt;&lt;/p&gt;\r\n	&lt;/li&gt;\r\n	&lt;li&gt;\r\n	&lt;p&gt;&lt;strong&gt;&lt;span style=&quot;font-size:14px&quot;&gt;&lt;a href=&quot;http://elections.uz/en/events/news/4241/&quot;&gt;&lt;span style=&quot;color:rgb(0, 0, 255)&quot;&gt;The election campaign for the election of the President of the Republic of Uzbekistan&lt;/span&gt;&lt;/a&gt;&lt;/span&gt;&lt;/strong&gt;&lt;/p&gt;\r\n	&lt;/li&gt;\r\n	&lt;li&gt;\r\n	&lt;p&gt;&lt;strong&gt;&lt;span style=&quot;font-size:14px&quot;&gt;&lt;a href=&quot;http://elections.uz/en/events/news/4241/&quot;&gt;&lt;span style=&quot;color:rgb(0, 0, 255)&quot;&gt;Brifing devoted to the stages of the election campaign&amp;nbsp;&lt;/span&gt;&lt;/a&gt;&lt;/span&gt;&lt;/strong&gt;&lt;/p&gt;\r\n	&lt;/li&gt;\r\n	&lt;li&gt;\r\n	&lt;p&gt;&lt;strong&gt;&lt;span style=&quot;font-size:14px&quot;&gt;&lt;a href=&quot;http://elections.uz/en/events/news/4251/&quot;&gt;&lt;span style=&quot;color:rgb(0, 0, 255)&quot;&gt;&lt;span style=&quot;font-family:arial,helvetica,sans-serif&quot;&gt;Procedure of accreditation domestic and foreign journalists on covering the election campaign for President of the Republic of Uzbekistan&lt;/span&gt;&lt;/span&gt;&lt;/a&gt;&lt;/span&gt;&lt;/strong&gt;&lt;/p&gt;\r\n	&lt;/li&gt;\r\n	&lt;li&gt;\r\n	&lt;p&gt;&lt;strong&gt;&lt;span style=&quot;font-size:14px&quot;&gt;&lt;a href=&quot;http://www.jahonnews.uz/eng/events_and_dates/elections_of_the_president_of_the_republic_of_uzbekistan2015/all_political_parties_discussed_the_issue_of_candidature_for_the_presidential_elections-44664.mgr&quot;&gt;&lt;span style=&quot;color:rgb(0, 0, 255)&quot;&gt;&lt;span style=&quot;font-family:arial,helvetica,sans-serif&quot;&gt;All political parties discussed the issue of candidature for the Presidential elections&lt;/span&gt;&lt;/span&gt;&lt;/a&gt;&lt;/span&gt;&lt;/strong&gt;&lt;/p&gt;\r\n	&lt;/li&gt;\r\n	&lt;li&gt;\r\n	&lt;p&gt;&lt;strong&gt;&lt;span style=&quot;font-size:14px&quot;&gt;&lt;a href=&quot;http://www.jahonnews.uz/eng/events_and_dates/elections_of_the_president_of_the_republic_of_uzbekistan2015/district_electoral_commissions_for_presidential_elections_formed-21546.mgr&quot;&gt;&lt;span style=&quot;color:rgb(0, 0, 255)&quot;&gt;&lt;span style=&quot;font-family:arial,helvetica,sans-serif&quot;&gt;District electoral commissions for presidential elections formed&lt;/span&gt;&lt;/span&gt;&lt;/a&gt;&lt;/span&gt;&lt;/strong&gt;&lt;/p&gt;\r\n	&lt;/li&gt;\r\n	&lt;li&gt;\r\n	&lt;p&gt;&lt;strong&gt;&lt;span style=&quot;font-size:14px&quot;&gt;&lt;a href=&quot;http://www.jahonnews.uz/eng/events_and_dates/elections_of_the_president_of_the_republic_of_uzbekistan2015/political_parties_were_given_access_to_participate_in_elections-5617.mgr&quot;&gt;&lt;span style=&quot;color:rgb(0, 0, 255)&quot;&gt;&lt;span style=&quot;font-family:arial,helvetica,sans-serif&quot;&gt;Political parties were given access to participate in elections&lt;/span&gt;&lt;/span&gt;&lt;/a&gt;&lt;/span&gt;&lt;/strong&gt;&lt;/p&gt;\r\n	&lt;/li&gt;\r\n	&lt;li&gt;\r\n	&lt;p&gt;&lt;strong&gt;&lt;span style=&quot;font-size:14px&quot;&gt;&lt;a href=&quot;http://news.uzreport.uz/news_2_e_128120.html&quot;&gt;&lt;span style=&quot;color:rgb(0, 0, 255)&quot;&gt;&lt;span style=&quot;font-family:arial,helvetica,sans-serif&quot;&gt;14 constituencies formed for the election of the President of Uzbekistan&lt;/span&gt;&lt;/span&gt;&lt;/a&gt;&lt;/span&gt;&lt;/strong&gt;&lt;/p&gt;\r\n	&lt;/li&gt;\r\n	&lt;li&gt;\r\n	&lt;p&gt;&lt;strong&gt;&lt;span style=&quot;font-size:14px&quot;&gt;&lt;span style=&quot;font-family:arial,helvetica,sans-serif&quot;&gt;&lt;a href=&quot;http://elections.uz/en/events/news/4462/&quot;&gt;&lt;span style=&quot;color:rgb(0, 0, 255)&quot;&gt;Candidates for President of the Republic of Uzbekistan were registered&lt;/span&gt;&lt;/a&gt;&lt;/span&gt;&lt;/span&gt;&lt;/strong&gt;&lt;/p&gt;\r\n	&lt;/li&gt;\r\n	&lt;li&gt;\r\n	&lt;p&gt;&lt;strong&gt;&lt;span style=&quot;font-size:14px&quot;&gt;&lt;a href=&quot;http://news.uzreport.uz/news_2_e_129531.html&quot;&gt;&lt;span style=&quot;color:rgb(0, 0, 255)&quot;&gt;&lt;span style=&quot;font-family:arial,helvetica,sans-serif&quot;&gt;Biography of Islam Karimov, the candidate for the President of the Republic of Uzbekistan&lt;/span&gt;&lt;/span&gt;&lt;/a&gt;&lt;/span&gt;&lt;/strong&gt;&lt;/p&gt;\r\n	&lt;/li&gt;\r\n	&lt;li&gt;\r\n	&lt;p&gt;&lt;strong&gt;&lt;span style=&quot;font-size:14px&quot;&gt;&lt;a href=&quot;http://news.uzreport.uz/news_2_e_129574.html&quot;&gt;&lt;span style=&quot;color:rgb(0, 0, 255)&quot;&gt;&lt;span style=&quot;font-family:arial,helvetica,sans-serif&quot;&gt;Biography of the candidate for the President of the Republic of Uzbekistan Umarov Narimon Madzhitovich&lt;/span&gt;&lt;/span&gt;&lt;/a&gt;&lt;/span&gt;&lt;/strong&gt;&lt;/p&gt;\r\n	&lt;/li&gt;\r\n	&lt;li&gt;\r\n	&lt;p&gt;&lt;strong&gt;&lt;span style=&quot;font-size:14px&quot;&gt;&lt;a href=&quot;http://news.uzreport.uz/news_2_e_129536.html&quot;&gt;&lt;span style=&quot;color:rgb(0, 0, 255)&quot;&gt;&lt;span style=&quot;font-family:arial,helvetica,sans-serif&quot;&gt;Biography of the candidate for the President of the Republic of Uzbekistan Akmal Kholmatovich Saidov&lt;/span&gt;&lt;/span&gt;&lt;/a&gt;&lt;/span&gt;&lt;/strong&gt;&lt;/p&gt;\r\n	&lt;/li&gt;\r\n	&lt;li&gt;\r\n	&lt;p&gt;&lt;strong&gt;&lt;span style=&quot;font-size:14px&quot;&gt;&lt;a href=&quot;http://news.uzreport.uz/news_2_e_129535.html&quot;&gt;&lt;span style=&quot;color:rgb(0, 0, 255)&quot;&gt;&lt;span style=&quot;font-family:arial,helvetica,sans-serif&quot;&gt;Biography of&amp;nbsp;&amp;nbsp;the candidate&amp;nbsp;for the President of the Republic of Uzbekistan&amp;nbsp;Hotamzhon Abdurahmonovich Ketmonov&amp;nbsp;&lt;/span&gt;&lt;/span&gt;&lt;/a&gt;&lt;/span&gt;&lt;/strong&gt;&lt;/p&gt;\r\n	&lt;/li&gt;\r\n	&lt;li&gt;\r\n	&lt;p&gt;&lt;strong&gt;&lt;span style=&quot;font-size:14px&quot;&gt;&lt;a href=&quot;http://elections.uz/en/events/news/4481/&quot;&gt;&lt;span style=&quot;color:rgb(0, 0, 255)&quot;&gt;The trustees of candidates for President of the Republic of Uzbekistan were registered&amp;nbsp;&lt;/span&gt;&lt;/a&gt;&lt;/span&gt;&lt;/strong&gt;&lt;/p&gt;\r\n	&lt;/li&gt;\r\n	&lt;li&gt;\r\n	&lt;p&gt;&lt;strong&gt;&lt;span style=&quot;font-size:14px&quot;&gt;&lt;a href=&quot;http://www.jahonnews.uz/eng/events_and_dates/elections_of_the_president_of_the_republic_of_uzbekistan2015/islam_karimov_meets_voters_of_kashkadarya_region-6352.mgr&quot;&gt;&lt;span style=&quot;color:rgb(0, 0, 255)&quot;&gt;Islam Karimov meets voters of Kashkadarya region&lt;/span&gt;&lt;/a&gt;&lt;/span&gt;&lt;/strong&gt;&lt;/p&gt;\r\n	&lt;/li&gt;\r\n	&lt;li&gt;\r\n	&lt;p&gt;&lt;strong&gt;&lt;span style=&quot;font-size:14px&quot;&gt;&lt;a href=&quot;http://www.jahonnews.uz/eng/sections/politics/meeting_of_akmal_saidov_with_voters_of_fergana_region-65632.mgr&quot;&gt;&lt;span style=&quot;color:rgb(0, 0, 255)&quot;&gt;Akmal Saidov meets voters of Fergana region&lt;/span&gt;&lt;/a&gt;&lt;/span&gt;&lt;/strong&gt;&lt;/p&gt;\r\n	&lt;/li&gt;\r\n	&lt;li&gt;\r\n	&lt;p&gt;&lt;strong&gt;&lt;span style=&quot;font-size:14px&quot;&gt;&lt;a href=&quot;http://www.jahonnews.uz/eng/events_and_dates/elections_of_the_president_of_the_republic_of_uzbekistan2015/meeting_of_narimon_umarov_with_voters_of_syrdarya_region-64612.mgr&quot;&gt;&lt;span style=&quot;color:rgb(0, 0, 255)&quot;&gt;Narimon Umarov meets voters of Syrdarya region&lt;/span&gt;&lt;/a&gt;&lt;/span&gt;&lt;/strong&gt;&lt;/p&gt;\r\n	&lt;/li&gt;\r\n	&lt;li&gt;\r\n	&lt;p&gt;&lt;strong&gt;&lt;span style=&quot;font-size:14px&quot;&gt;&lt;a href=&quot;http://www.jahonnews.uz/eng/events_and_dates/elections_of_the_president_of_the_republic_of_uzbekistan2015/meeting_of_hotamjon_ketmonov_with_voters_of_khorezm_region-1354.mgr&quot;&gt;&lt;span style=&quot;color:rgb(0, 0, 255)&quot;&gt;Hotamjon Ketmonov meets voters of Khorezm region&lt;/span&gt;&lt;/a&gt;&lt;/span&gt;&lt;/strong&gt;&lt;/p&gt;\r\n	&lt;/li&gt;\r\n	&lt;li&gt;\r\n	&lt;p&gt;&lt;strong&gt;&lt;span style=&quot;font-size:14px&quot;&gt;&lt;a href=&quot;http://www.jahonnews.uz/eng/events_and_dates/elections_of_the_president_of_the_republic_of_uzbekistan2015/kuwaiti_al_anba_on_the_presidential_elections_of_the_republic_of_uzbekistan.mgr&quot;&gt;&lt;span style=&quot;color:rgb(0, 0, 255)&quot;&gt;Kuwaiti &amp;quot;Al-Anba&amp;quot;on the presidential elections of the Republic of Uzbekistan&lt;/span&gt;&lt;/a&gt;&lt;/span&gt;&lt;/strong&gt;&lt;/p&gt;\r\n	&lt;/li&gt;\r\n	&lt;li&gt;\r\n	&lt;p&gt;&lt;strong&gt;&lt;a href=&quot;http://www.jahonnews.uz/eng/sections/politics/in_germany_about_the_role_and_place_of_ngos_in_uzbekistan-26415.mgr&quot;&gt;&lt;span style=&quot;color:rgb(0, 0, 255)&quot;&gt;&lt;span style=&quot;font-size:14px&quot;&gt;&lt;span style=&quot;font-family:arial,helvetica,sans-serif&quot;&gt;In Germany, about the role and place of NGOs in Uzbekistan&lt;/span&gt;&lt;/span&gt;&lt;/span&gt;&lt;/a&gt;&lt;/strong&gt;&lt;/p&gt;\r\n	&lt;/li&gt;\r\n	&lt;li&gt;\r\n	&lt;p&gt;&lt;strong&gt;&lt;span style=&quot;font-size:14px&quot;&gt;&lt;a href=&quot;http://www.jahonnews.uz/eng/events_and_dates/elections_of_the_president_of_the_republic_of_uzbekistan2015/kuwaiti_al_anba_on_the_presidential_elections_of_the_republic_of_uzbekistan.mgr&quot;&gt;&lt;span style=&quot;color:rgb(0, 0, 255)&quot;&gt;IA &amp;quot;KirTAG&amp;quot; about Uzbekistan&lt;/span&gt;&lt;/a&gt;&lt;/span&gt;&lt;/strong&gt;&lt;/p&gt;\r\n	&lt;/li&gt;\r\n	&lt;li&gt;\r\n	&lt;p&gt;&lt;strong&gt;&lt;span style=&quot;font-size:14px&quot;&gt;&lt;a href=&quot;http://www.jahonnews.uz/eng/events_and_dates/elections_of_the_president_of_the_republic_of_uzbekistan2015/in_geneva_acquainted_with_the_preparations_for_the_election_of_the_president_of_the_republic_of_uzbekistan-326.mgr&quot;&gt;&lt;span style=&quot;color:rgb(0, 0, 255)&quot;&gt;In Geneva acquainted with the preparations for the election of the President of the Republic of Uzbekistan&lt;/span&gt;&lt;/a&gt;&lt;/span&gt;&lt;/strong&gt;&lt;/p&gt;\r\n	&lt;/li&gt;\r\n	&lt;li&gt;\r\n	&lt;p&gt;&lt;strong&gt;&lt;a href=&quot;http://www.jahonnews.uz/eng/sections/politics/in_germany_about_election_campaign_events_in_uzbekistan-324546.mgr&quot;&gt;&lt;span style=&quot;color:rgb(0, 0, 255)&quot;&gt;&lt;span style=&quot;font-family:arial,helvetica,sans-serif&quot;&gt;&lt;span style=&quot;font-size:14px&quot;&gt;In Germany, about election campaign events in Uzbekistan&lt;/span&gt;&lt;/span&gt;&lt;/span&gt;&lt;/a&gt;&lt;/strong&gt;&lt;/p&gt;\r\n	&lt;/li&gt;\r\n	&lt;li&gt;\r\n	&lt;p&gt;&lt;strong&gt;&lt;span style=&quot;font-size:14px&quot;&gt;&lt;a href=&quot;http://www.mfa.uz/en/press/elections2015/2015/02/3802/&quot;&gt;&lt;span style=&quot;color:rgb(0, 0, 255)&quot;&gt;The meeting at Central Election Commission with Mission of the Office for Democratic Institutions and Human Rights (ODIHR) of the Organization for Security and Cooperation in Europe (OSCE)&lt;/span&gt;&lt;/a&gt;&lt;/span&gt;&lt;/strong&gt;&lt;/p&gt;\r\n	&lt;/li&gt;\r\n	&lt;li&gt;\r\n	&lt;p&gt;&lt;strong&gt;&lt;span style=&quot;font-size:14px&quot;&gt;&lt;a href=&quot;http://www.mfa.uz/en/press/elections2015/2015/02/3801/&quot;&gt;&lt;span style=&quot;color:rgb(0, 0, 255)&quot;&gt;Narimon Umarov met with voters of Surkhandarya and Kashkadarya Regions&lt;/span&gt;&lt;/a&gt;&lt;/span&gt;&lt;/strong&gt;&lt;/p&gt;\r\n	&lt;/li&gt;\r\n	&lt;li&gt;\r\n	&lt;p&gt;&lt;strong&gt;&lt;span style=&quot;font-size:14px&quot;&gt;&lt;a href=&quot;http://www.jahonnews.uz/eng/events_and_dates/elections_of_the_president_of_the_republic_of_uzbekistan2015/meeting_of_hotamjon_ketmonov_with_voters_of_the_republic_of_karakalpakstan.mgr&quot;&gt;&lt;span style=&quot;color:rgb(0, 0, 255)&quot;&gt;Hotamjon Ketmonov met with voters of the Republic of Karakalpakstan&lt;/span&gt;&lt;/a&gt;&lt;/span&gt;&lt;/strong&gt;&lt;/p&gt;\r\n	&lt;/li&gt;\r\n	&lt;li&gt;\r\n	&lt;p&gt;&lt;strong&gt;&lt;span style=&quot;font-size:14px&quot;&gt;&lt;a href=&quot;http://www.jahonnews.uz/eng/events_and_dates/elections_of_the_president_of_the_republic_of_uzbekistan2015/meeting_of_akmal_saidov_with_voters_of_fergana_region-3246.mgr&quot;&gt;&lt;span style=&quot;color:rgb(0, 0, 255)&quot;&gt;Akmal Saidov met with voters of Fergana Region&lt;/span&gt;&lt;/a&gt;&lt;/span&gt;&lt;/strong&gt;&lt;/p&gt;\r\n	&lt;/li&gt;\r\n	&lt;li&gt;\r\n	&lt;p&gt;&lt;strong&gt;&lt;a href=&quot;http://www.jahonnews.uz/eng/sections/politics/development_processes_in_uzbekistan_are_studied_in_greece-2651.mgr&quot;&gt;&lt;span style=&quot;color:rgb(0, 0, 255)&quot;&gt;&lt;span style=&quot;font-size:14px&quot;&gt;&lt;span style=&quot;font-family:arial,helvetica,sans-serif&quot;&gt;Development processes in Uzbekistan are studied in Greece&lt;/span&gt;&lt;/span&gt;&lt;/span&gt;&lt;/a&gt;&lt;/strong&gt;&lt;/p&gt;\r\n	&lt;/li&gt;\r\n	&lt;li&gt;\r\n	&lt;p&gt;&lt;strong&gt;&lt;span style=&quot;font-size:14px&quot;&gt;&lt;a href=&quot;http://www.jahonnews.uz/eng/events_and_dates/elections_of_the_president_of_the_republic_of_uzbekistan2015/election_of_the_president_the_basis_of_a_prosperous_future_of_the_country_and_the_people.mgr&quot;&gt;&lt;span style=&quot;color:rgb(0, 0, 255)&quot;&gt;Election of the President - the basis of a prosperous future of the country and the people&lt;/span&gt;&lt;/a&gt;&lt;/span&gt;&lt;/strong&gt;&lt;/p&gt;\r\n	&lt;/li&gt;\r\n	&lt;li&gt;\r\n	&lt;p&gt;&lt;strong&gt;&lt;span style=&quot;font-size:14px&quot;&gt;&lt;a href=&quot;http://www.jahonnews.uz/eng/events_and_dates/elections_of_the_president_of_the_republic_of_uzbekistan2015/great_interest_in_the_chinese_media_for_the_presidential_elections_in_uzbekistan.mgr&quot;&gt;&lt;span style=&quot;color:rgb(0, 0, 255)&quot;&gt;Great interest in the Chinese media for the presidential elections in Uzbekistan&lt;/span&gt;&lt;/a&gt;&lt;/span&gt;&lt;/strong&gt;&lt;/p&gt;\r\n	&lt;/li&gt;\r\n	&lt;li&gt;\r\n	&lt;p&gt;&lt;strong&gt;&lt;span style=&quot;font-size:14px&quot;&gt;&lt;a href=&quot;http://www.jahonnews.uz/eng/events_and_dates/elections_of_the_president_of_the_republic_of_uzbekistan2015/narimon_umarov_met_with_voters_of_navoi_region.mgr&quot;&gt;&lt;span style=&quot;color:rgb(0, 0, 255)&quot;&gt;Narimon Umarov met with voters of Navoi Region&lt;/span&gt;&lt;/a&gt;&lt;/span&gt;&lt;/strong&gt;&lt;/p&gt;\r\n	&lt;/li&gt;\r\n	&lt;li&gt;\r\n	&lt;p&gt;&lt;strong&gt;&lt;span style=&quot;font-size:14px&quot;&gt;&lt;a href=&quot;http://www.jahonnews.uz/eng/events_and_dates/elections_of_the_president_of_the_republic_of_uzbekistan2015/akmal_saidov_met_with_voters_in_tashkent.mgr&quot;&gt;&lt;span style=&quot;color:rgb(0, 0, 255)&quot;&gt;Akmal Saidov met with voters in Tashkent&lt;/span&gt;&lt;/a&gt;&lt;/span&gt;&lt;/strong&gt;&lt;/p&gt;\r\n	&lt;/li&gt;\r\n	&lt;li&gt;\r\n	&lt;p&gt;&lt;strong&gt;&lt;span style=&quot;font-size:14px&quot;&gt;&lt;a href=&quot;http://www.jahonnews.uz/eng/events_and_dates/elections_of_the_president_of_the_republic_of_uzbekistan2015/asri_nav_acquaints_with_electoral_processes_in_uzbekistan-3213213.mgr&quot;&gt;&lt;span style=&quot;color:rgb(0, 0, 255)&quot;&gt;&amp;quot;Asri Nav&amp;quot; acquaints with electoral processes in Uzbekistan&lt;/span&gt;&lt;/a&gt;&lt;/span&gt;&lt;/strong&gt;&lt;/p&gt;\r\n	&lt;/li&gt;\r\n	&lt;li&gt;\r\n	&lt;p&gt;&lt;strong&gt;&lt;span style=&quot;font-size:14px&quot;&gt;&lt;a href=&quot;http://www.jahonnews.uz/eng/events_and_dates/elections_of_the_president_of_the_republic_of_uzbekistan2015/the_times_kuwait_on_elections_in_the_republic_of_uzbekistan-666577.mgr&quot;&gt;&lt;span style=&quot;color:rgb(0, 0, 255)&quot;&gt;The Times Kuwait on elections in the Republic of Uzbekistan&lt;/span&gt;&lt;/a&gt;&lt;/span&gt;&lt;/strong&gt;&lt;/p&gt;\r\n	&lt;/li&gt;\r\n	&lt;li&gt;\r\n	&lt;p&gt;&lt;strong&gt;&lt;span style=&quot;font-size:14px&quot;&gt;&lt;a href=&quot;http://www.jahonnews.uz/eng/events_and_dates/elections_of_the_president_of_the_republic_of_uzbekistan2015/the_election_campaign_in_uzbekistan_in_the_center_of_attention_of_international_community-59646.mgr&quot;&gt;&lt;span style=&quot;color:rgb(0, 0, 255)&quot;&gt;The election campaign in Uzbekistan in the center of attention of international community&lt;/span&gt;&lt;/a&gt;&lt;/span&gt;&lt;/strong&gt;&lt;/p&gt;\r\n	&lt;/li&gt;\r\n	&lt;li&gt;\r\n	&lt;p&gt;&lt;strong&gt;&lt;span style=&quot;font-size:14px&quot;&gt;&lt;a href=&quot;http://www.jahonnews.uz/eng/events_and_dates/elections_of_the_president_of_the_republic_of_uzbekistan2015/osce_informed_about_the_development_of_civil_society_institutions_in_uzbekistan-6964465.mgr&quot;&gt;&lt;span style=&quot;color:rgb(0, 0, 255)&quot;&gt;OSCE informed about the development of civil society institutions in Uzbekistan&lt;/span&gt;&lt;/a&gt;&lt;/span&gt;&lt;/strong&gt;&lt;/p&gt;\r\n	&lt;/li&gt;\r\n	&lt;li&gt;\r\n	&lt;p&gt;&lt;strong&gt;&lt;span style=&quot;font-size:14px&quot;&gt;&lt;a href=&quot;http://www.jahonnews.uz/eng/events_and_dates/elections_of_the_president_of_the_republic_of_uzbekistan2015/azerbaijani_media_on_the_presidential_elections_in_uzbekistan-794125.mgr&quot;&gt;&lt;span style=&quot;color:rgb(0, 0, 255)&quot;&gt;Azerbaijani media on the presidential elections in Uzbekistan&lt;/span&gt;&lt;/a&gt;&lt;/span&gt;&lt;/strong&gt;&lt;/p&gt;\r\n	&lt;/li&gt;\r\n	&lt;li&gt;\r\n	&lt;p&gt;&lt;strong&gt;&lt;span style=&quot;font-size:14px&quot;&gt;&lt;a href=&quot;http://www.jahonnews.uz/eng/events_and_dates/elections_of_the_president_of_the_republic_of_uzbekistan2015/latvian_media_about_the_presidential_election_and_the_socio_economic_development_of_uzbekistan-8.mgr&quot;&gt;&lt;span style=&quot;color:rgb(0, 0, 255)&quot;&gt;Latvian media about the presidential election and the socio-economic development of Uzbekistan&lt;/span&gt;&lt;/a&gt;&lt;/span&gt;&lt;/strong&gt;&lt;/p&gt;\r\n	&lt;/li&gt;\r\n	&lt;li&gt;\r\n	&lt;p&gt;&lt;strong&gt;&lt;a href=&quot;http://www.jahonnews.uz/eng/sections/world/chinese_media_on_the_current_development_of_uzbekistan-6532.mgr&quot;&gt;&lt;span style=&quot;color:rgb(0, 0, 255)&quot;&gt;&lt;span style=&quot;font-size:14px&quot;&gt;&lt;span style=&quot;font-family:arial,helvetica,sans-serif&quot;&gt;Chinese media on the current development of Uzbekistan&lt;/span&gt;&lt;/span&gt;&lt;/span&gt;&lt;/a&gt;&lt;/strong&gt;&lt;/p&gt;\r\n	&lt;/li&gt;\r\n	&lt;li&gt;\r\n	&lt;p&gt;&lt;strong&gt;&lt;span style=&quot;font-size:14px&quot;&gt;&lt;a href=&quot;http://www.jahonnews.uz/eng/events_and_dates/elections_of_the_president_of_the_republic_of_uzbekistan2015/bernama_citizens_of_uzbekistan_will_go_on_elections_again-6549687.mgr&quot;&gt;&lt;span style=&quot;color:rgb(0, 0, 255)&quot;&gt;Bernama: &amp;laquo;Citizens of Uzbekistan will go on elections again&amp;quot;&lt;/span&gt;&lt;/a&gt;&lt;/span&gt;&lt;/strong&gt;&lt;/p&gt;\r\n	&lt;/li&gt;\r\n	&lt;li&gt;\r\n	&lt;p&gt;&lt;strong&gt;&lt;span style=&quot;font-size:14px&quot;&gt;&lt;a href=&quot;http://www.jahonnews.uz/eng/events_and_dates/elections_of_the_president_of_the_republic_of_uzbekistan2015/daily_outlook_afghanistan_election_campaign_is_gaining_momentum_in_uzbekistan-1651654.mgr&quot;&gt;&lt;span style=&quot;color:rgb(0, 0, 255)&quot;&gt;Daily Outlook Afghanistan: &amp;quot;Election campaign is gaining momentum in Uzbekistan&amp;quot;&lt;/span&gt;&lt;/a&gt;&lt;/span&gt;&lt;/strong&gt;&lt;/p&gt;\r\n	&lt;/li&gt;\r\n	&lt;li&gt;\r\n	&lt;p&gt;&lt;strong&gt;&lt;a href=&quot;http://www.jahonnews.uz/eng/sections/politics/national_radiochannel_of_egypt_about_uzbekistan-3653214.mgr&quot;&gt;&lt;span style=&quot;color:rgb(0, 0, 255)&quot;&gt;&lt;span style=&quot;font-size:14px&quot;&gt;&lt;span style=&quot;font-family:arial,helvetica,sans-serif&quot;&gt;National radiochannel of Egypt about Uzbekistan&lt;/span&gt;&lt;/span&gt;&lt;/span&gt;&lt;/a&gt;&lt;/strong&gt;&lt;/p&gt;\r\n	&lt;/li&gt;\r\n	&lt;li&gt;\r\n	&lt;p&gt;&lt;strong&gt;&lt;span style=&quot;font-size:14px&quot;&gt;&lt;a href=&quot;http://www.jahonnews.uz/eng/events_and_dates/elections_of_the_president_of_the_republic_of_uzbekistan2015/ukrainian_press_about_uzbekistan-13661313.mgr&quot;&gt;&lt;span style=&quot;color:rgb(0, 0, 255)&quot;&gt;Ukrainian press about Uzbekistan&lt;/span&gt;&lt;/a&gt;&lt;/span&gt;&lt;/strong&gt;&lt;/p&gt;\r\n	&lt;/li&gt;\r\n	&lt;li&gt;\r\n	&lt;p&gt;&lt;strong&gt;&lt;span style=&quot;font-size:14px&quot;&gt;&lt;a href=&quot;http://www.jahonnews.uz/eng/events_and_dates/elections_of_the_president_of_the_republic_of_uzbekistan2015/in_kuwait_on_the_presidential_elections_in_uzbekistan-5651623.mgr&quot;&gt;&lt;span style=&quot;color:rgb(0, 0, 255)&quot;&gt;In Kuwait on the presidential elections in Uzbekistan&lt;/span&gt;&lt;/a&gt;&lt;/span&gt;&lt;/strong&gt;&lt;/p&gt;\r\n	&lt;/li&gt;\r\n	&lt;li&gt;\r\n	&lt;p&gt;&lt;strong&gt;&lt;span style=&quot;font-size:14px&quot;&gt;&lt;a href=&quot;http://www.jahonnews.uz/eng/events_and_dates/elections_of_the_president_of_the_republic_of_uzbekistan2015/ices_on_the_election_of_the_head_of_uzbekistan-5612652.mgr&quot;&gt;&lt;span style=&quot;color:rgb(0, 0, 255)&quot;&gt;ICES on the election of the head of Uzbekistan&lt;/span&gt;&lt;/a&gt;&lt;/span&gt;&lt;/strong&gt;&lt;/p&gt;\r\n	&lt;/li&gt;\r\n	&lt;li&gt;\r\n	&lt;p&gt;&lt;strong&gt;&lt;span style=&quot;font-size:14px&quot;&gt;&lt;a href=&quot;http://www.jahonnews.uz/eng/events_and_dates/elections_of_the_president_of_the_republic_of_uzbekistan2015/election_of_president_of_uzbekistan_in_focus_of_the_egyptian_press-654548.mgr&quot;&gt;&lt;span style=&quot;color:rgb(0, 0, 255)&quot;&gt;Election of President of Uzbekistan - in focus of the Egyptian press&lt;/span&gt;&lt;/a&gt;&lt;/span&gt;&lt;/strong&gt;&lt;/p&gt;\r\n	&lt;/li&gt;\r\n	&lt;li&gt;\r\n	&lt;p&gt;&lt;strong&gt;&lt;span style=&quot;font-size:14px&quot;&gt;&lt;a href=&quot;http://www.jahonnews.uz/eng/events_and_dates/elections_of_the_president_of_the_republic_of_uzbekistan2015/the_german_press_on_the_presidential_elections_in_uzbekistan-255474.mgr&quot;&gt;&lt;span style=&quot;color:rgb(0, 0, 255)&quot;&gt;The German press on the presidential elections in Uzbekistan&lt;/span&gt;&lt;/a&gt;&lt;/span&gt;&lt;/strong&gt;&lt;/p&gt;\r\n	&lt;/li&gt;\r\n	&lt;li&gt;\r\n	&lt;p&gt;&lt;strong&gt;&lt;span style=&quot;font-size:14px&quot;&gt;&lt;a href=&quot;http://www.jahonnews.uz/eng/events_and_dates/elections_of_the_president_of_the_republic_of_uzbekistan2015/about_briefing_in_milan_dedicated_to_the_election_of_the_president_of_the_republic_of_uzbekistan-325.mgr&quot;&gt;&lt;span style=&quot;color:rgb(0, 0, 255)&quot;&gt;About briefing in Milan dedicated to the election of the President of the Republic of Uzbekistan&lt;/span&gt;&lt;/a&gt;&lt;/span&gt;&lt;/strong&gt;&lt;/p&gt;\r\n	&lt;/li&gt;\r\n	&lt;li&gt;\r\n	&lt;p&gt;&lt;strong&gt;&lt;span style=&quot;font-size:14px&quot;&gt;&lt;a href=&quot;http://www.jahonnews.uz/eng/events_and_dates/elections_of_the_president_of_the_republic_of_uzbekistan2015/on_elections_in_warsaw.mgr&quot;&gt;&lt;span style=&quot;color:rgb(0, 0, 255)&quot;&gt;On elections in Warsaw&lt;/span&gt;&lt;/a&gt;&lt;/span&gt;&lt;/strong&gt;&lt;/p&gt;\r\n	&lt;/li&gt;\r\n	&lt;li&gt;\r\n	&lt;p&gt;&lt;strong&gt;&lt;span style=&quot;font-size:14px&quot;&gt;&lt;a href=&quot;http://www.jahonnews.uz/eng/events_and_dates/elections_of_the_president_of_the_republic_of_uzbekistan2015/the_new_issue_of_the_magazine_tachkent_paris-364.mgr&quot;&gt;&lt;span style=&quot;color:rgb(0, 0, 255)&quot;&gt;The new issue of the magazine &amp;laquo;Tachkent-Paris&amp;raquo;&lt;/span&gt;&lt;/a&gt;&lt;/span&gt;&lt;/strong&gt;&lt;/p&gt;\r\n	&lt;/li&gt;\r\n	&lt;li&gt;\r\n	&lt;p&gt;&lt;strong&gt;&lt;span style=&quot;font-size:14px&quot;&gt;&lt;a href=&quot;http://www.jahonnews.uz/eng/events_and_dates/elections_of_the_president_of_the_republic_of_uzbekistan2015/seminar_on_the_elections_of_the_president_of_uzbekistan-63654.mgr&quot;&gt;&lt;span style=&quot;color:rgb(0, 0, 255)&quot;&gt;Seminar on the elections of the President of Uzbekistan&lt;/span&gt;&lt;/a&gt;&lt;/span&gt;&lt;/strong&gt;&lt;/p&gt;\r\n	&lt;/li&gt;\r\n	&lt;li&gt;\r\n	&lt;p&gt;&lt;strong&gt;&lt;span style=&quot;font-size:14px&quot;&gt;&lt;a href=&quot;http://www.jahonnews.uz/eng/events_and_dates/elections_of_the_president_of_the_republic_of_uzbekistan2015/diplomatic_world_on_the_parliamentary_elections_in_uzbekistan-3264.mgr&quot;&gt;&lt;span style=&quot;color:rgb(0, 0, 255)&quot;&gt;Diplomatic World on the parliamentary elections in Uzbekistan&lt;/span&gt;&lt;/a&gt;&lt;/span&gt;&lt;/strong&gt;&lt;/p&gt;\r\n	&lt;/li&gt;\r\n	&lt;li&gt;\r\n	&lt;p&gt;&lt;strong&gt;&lt;span style=&quot;font-size:14px&quot;&gt;&lt;a href=&quot;http://www.mfa.uz/en/press/elections2015/2015/02/3800/&quot;&gt;&lt;span style=&quot;color:rgb(0, 0, 255)&quot;&gt;Akmal Saidov met with voters of Navoi and Bukhara Regions&lt;/span&gt;&lt;/a&gt;&lt;/span&gt;&lt;/strong&gt;&lt;/p&gt;\r\n	&lt;/li&gt;\r\n	&lt;li&gt;\r\n	&lt;p&gt;&lt;strong&gt;&lt;span style=&quot;font-size:14px&quot;&gt;&lt;a href=&quot;http://www.mfa.uz/en/press/elections2015/2015/02/3802/&quot;&gt;&lt;span style=&quot;color:rgb(0, 0, 255)&quot;&gt;The meeting at Central Election Commission&lt;/span&gt;&lt;/a&gt;&lt;/span&gt;&lt;/strong&gt;&lt;/p&gt;\r\n	&lt;/li&gt;\r\n	&lt;li&gt;\r\n	&lt;p&gt;&lt;strong&gt;&lt;span style=&quot;font-size:14px&quot;&gt;&lt;a href=&quot;http://www.mfa.uz/en/press/elections2015/2015/02/3801/&quot;&gt;&lt;span style=&quot;color:rgb(0, 0, 255)&quot;&gt;Narimon Umarov met with voters of Surkhandarya and Kashkadarya Regions&lt;/span&gt;&lt;/a&gt;&lt;/span&gt;&lt;/strong&gt;&lt;/p&gt;\r\n	&lt;/li&gt;\r\n	&lt;li&gt;\r\n	&lt;p&gt;&lt;strong&gt;&lt;span style=&quot;font-size:14px&quot;&gt;&lt;a href=&quot;http://www.mfa.uz/en/press/elections2015/2015/02/3799/&quot;&gt;&lt;span style=&quot;color:rgb(0, 0, 255)&quot;&gt;Hotamjon Ketmonov met with voters of Jizzakh region&lt;/span&gt;&lt;/a&gt;&lt;/span&gt;&lt;/strong&gt;&lt;/p&gt;\r\n	&lt;/li&gt;\r\n	&lt;li&gt;\r\n	&lt;p&gt;&lt;strong&gt;&lt;span style=&quot;font-size:14px&quot;&gt;&lt;a href=&quot;http://www.mfa.uz/en/press/elections2015/2015/02/3761/&quot;&gt;&lt;span style=&quot;color:rgb(0, 0, 255)&quot;&gt;Narimon Umarov met with voters of Syrdarya region&lt;/span&gt;&lt;/a&gt;&lt;/span&gt;&lt;/strong&gt;&lt;/p&gt;\r\n	&lt;/li&gt;\r\n	&lt;li&gt;\r\n	&lt;p&gt;&lt;strong&gt;&lt;span style=&quot;font-size:14px&quot;&gt;&lt;a href=&quot;http://www.mfa.uz/en/press/elections2015/2015/02/3763/&quot;&gt;&lt;span style=&quot;color:rgb(0, 0, 255)&quot;&gt;Online workshop for journalists&lt;/span&gt;&lt;/a&gt;&lt;/span&gt;&lt;/strong&gt;&lt;/p&gt;\r\n	&lt;/li&gt;\r\n	&lt;li&gt;\r\n	&lt;p&gt;&lt;strong&gt;&lt;span style=&quot;font-size:14px&quot;&gt;&lt;a href=&quot;http://www.mfa.uz/en/press/elections2015/2015/02/3758/&quot;&gt;&lt;span style=&quot;color:rgb(0, 0, 255)&quot;&gt;Hotamjon Ketmonov met with voters of the Republic of Karakalpakstan&lt;/span&gt;&lt;/a&gt;&lt;/span&gt;&lt;/strong&gt;&lt;/p&gt;\r\n	&lt;/li&gt;\r\n	&lt;li&gt;\r\n	&lt;p&gt;&lt;strong&gt;&lt;span style=&quot;font-size:14px&quot;&gt;&lt;a href=&quot;http://www.jahonnews.uz/eng/sections/politics/meeting_of_islam_karimov_with_voters_of_bukhara_and_navoi_regions-54.mgr&quot;&gt;&lt;span style=&quot;color:rgb(0, 0, 255)&quot;&gt;Meeting of Islam Karimov with voters of Bukhara and Navoi regions&lt;/span&gt;&lt;/a&gt;&lt;/span&gt;&lt;/strong&gt;&lt;/p&gt;\r\n	&lt;/li&gt;\r\n	&lt;li&gt;\r\n	&lt;p&gt;&lt;strong&gt;&lt;span style=&quot;font-size:14px&quot;&gt;&lt;a href=&quot;http://www.jahonnews.uz/eng/sections/politics/a_view_from_the_uae_elections_another_step_towards_large_scale_reforms-32654.mgr&quot;&gt;&lt;span style=&quot;color:rgb(0, 0, 255)&quot;&gt;&lt;span style=&quot;font-family:arial,helvetica,sans-serif&quot;&gt;A view from the UAE: Elections - another step towards large-scale reforms&lt;/span&gt;&lt;/span&gt;&lt;/a&gt;&lt;/span&gt;&lt;/strong&gt;&lt;/p&gt;\r\n	&lt;/li&gt;\r\n	&lt;li&gt;\r\n	&lt;p&gt;&lt;strong&gt;&lt;span style=&quot;font-size:14px&quot;&gt;&lt;a href=&quot;http://www.jahonnews.uz/eng/sections/politics/french_professor_michel_korinman_uzbekistan_can_serve_as_a_model_for_the_world_community-7985.mgr&quot;&gt;&lt;span style=&quot;color:rgb(0, 0, 255)&quot;&gt;&lt;span style=&quot;font-family:arial,helvetica,sans-serif&quot;&gt;French professor Michel Korinman: &amp;quot;Uzbekistan can serve as a model for the world community&amp;quot;&lt;/span&gt;&lt;/span&gt;&lt;/a&gt;&lt;/span&gt;&lt;/strong&gt;&lt;/p&gt;\r\n	&lt;/li&gt;\r\n	&lt;li&gt;\r\n	&lt;p&gt;&lt;strong&gt;&lt;span style=&quot;font-size:14px&quot;&gt;&lt;a href=&quot;http://www.jahonnews.uz/eng/sections/politics/italian_parliamentarians_about_uzbekistan-6532.mgr&quot;&gt;&lt;span style=&quot;color:rgb(0, 0, 255)&quot;&gt;&lt;span style=&quot;font-family:arial,helvetica,sans-serif&quot;&gt;Italian parliamentarians about Uzbekistan&lt;/span&gt;&lt;/span&gt;&lt;/a&gt;&lt;/span&gt;&lt;/strong&gt;&lt;/p&gt;\r\n	&lt;/li&gt;\r\n	&lt;li&gt;\r\n	&lt;p&gt;&lt;strong&gt;&lt;span style=&quot;font-size:14px&quot;&gt;&lt;a href=&quot;http://www.jahonnews.uz/eng/sections/politics/foreign_experts_reform_priorities_of_uzbekistan_social_justice_and_well_being_of_people-641.mgr&quot;&gt;&lt;span style=&quot;color:rgb(0, 0, 255)&quot;&gt;&lt;span style=&quot;font-family:arial,helvetica,sans-serif&quot;&gt;Foreign experts: &amp;quot;Reform priorities of Uzbekistan - social justice and well-being of people&amp;quot;&lt;/span&gt;&lt;/span&gt;&lt;/a&gt;&lt;/span&gt;&lt;/strong&gt;&lt;/p&gt;\r\n	&lt;/li&gt;\r\n	&lt;li&gt;\r\n	&lt;p&gt;&lt;strong&gt;&lt;span style=&quot;font-size:14px&quot;&gt;&lt;a href=&quot;http://www.jahonnews.uz/eng/sections/politics/fec_news_about_elections_of_the_president_of_the_republic_of_uzbekistan-45123.mgr&quot;&gt;&lt;span style=&quot;color:rgb(0, 0, 255)&quot;&gt;&lt;span style=&quot;font-family:arial,helvetica,sans-serif&quot;&gt;FEC NEWS about elections of the President of the Republic of Uzbekistan&lt;/span&gt;&lt;/span&gt;&lt;/a&gt;&lt;/span&gt;&lt;/strong&gt;&lt;/p&gt;\r\n	&lt;/li&gt;\r\n	&lt;li&gt;\r\n	&lt;p&gt;&lt;strong&gt;&lt;span style=&quot;font-size:14px&quot;&gt;&lt;a href=&quot;http://www.jahonnews.uz/eng/sections/politics/a_meeting_dedicated_to_the_upcoming_presidential_elections-654213.mgr&quot;&gt;&lt;span style=&quot;color:rgb(0, 0, 255)&quot;&gt;&lt;span style=&quot;font-family:arial,helvetica,sans-serif&quot;&gt;A meeting dedicated to the upcoming presidential elections&lt;/span&gt;&lt;/span&gt;&lt;/a&gt;&lt;/span&gt;&lt;/strong&gt;&lt;/p&gt;\r\n	&lt;/li&gt;\r\n	&lt;li&gt;\r\n	&lt;p&gt;&lt;strong&gt;&lt;span style=&quot;font-size:14px&quot;&gt;&lt;a href=&quot;http://www.jahonnews.uz/eng/sections/politics/briefing_at_the_embassy_of_uzbekistan_in_moscow-966541.mgr&quot;&gt;&lt;span style=&quot;color:rgb(0, 0, 255)&quot;&gt;&lt;span style=&quot;font-family:arial,helvetica,sans-serif&quot;&gt;Briefing at the Embassy of Uzbekistan in Moscow&lt;/span&gt;&lt;/span&gt;&lt;/a&gt;&lt;/span&gt;&lt;/strong&gt;&lt;/p&gt;\r\n	&lt;/li&gt;\r\n	&lt;li&gt;\r\n	&lt;p&gt;&lt;strong&gt;&lt;span style=&quot;font-size:14px&quot;&gt;&lt;a href=&quot;http://www.jahonnews.uz/eng/sections/politics/j_aduprat_uzbekistan_is_at_an_important_stage_of_its_development-97987.mgr&quot;&gt;&lt;span style=&quot;color:rgb(0, 0, 255)&quot;&gt;&lt;span style=&quot;font-family:arial,helvetica,sans-serif&quot;&gt;J.-A.Duprat: &amp;quot;Uzbekistan is at an important stage of its development&amp;quot;&lt;/span&gt;&lt;/span&gt;&lt;/a&gt;&lt;/span&gt;&lt;/strong&gt;&lt;/p&gt;\r\n	&lt;/li&gt;\r\n	&lt;li&gt;\r\n	&lt;p&gt;&lt;strong&gt;&lt;span style=&quot;font-size:14px&quot;&gt;&lt;a href=&quot;http://www.jahonnews.uz/eng/sections/politics/participants_of_round_table_in_brussels_on_elections_in_uzbekistan-98552.mgr&quot;&gt;&lt;span style=&quot;color:rgb(0, 0, 255)&quot;&gt;&lt;span style=&quot;font-family:arial,helvetica,sans-serif&quot;&gt;Participants of &amp;quot;round table&amp;quot; in Brussels on elections in Uzbekistan&lt;/span&gt;&lt;/span&gt;&lt;/a&gt;&lt;/span&gt;&lt;/strong&gt;&lt;/p&gt;\r\n	&lt;/li&gt;\r\n	&lt;li&gt;\r\n	&lt;p&gt;&lt;strong&gt;&lt;span style=&quot;font-size:14px&quot;&gt;&lt;a href=&quot;http://www.jahonnews.uz/eng/sections/politics/meeting_of_narimon_umarov_with_voters_of_andijan_region-74562.mgr&quot;&gt;&lt;span style=&quot;color:rgb(0, 0, 255)&quot;&gt;&lt;span style=&quot;font-family:arial,helvetica,sans-serif&quot;&gt;Meeting of Narimon Umarov with voters of Andijan region&lt;/span&gt;&lt;/span&gt;&lt;/a&gt;&lt;/span&gt;&lt;/strong&gt;&lt;/p&gt;\r\n	&lt;/li&gt;\r\n	&lt;li&gt;\r\n	&lt;p&gt;&lt;strong&gt;&lt;span style=&quot;font-size:14px&quot;&gt;&lt;a href=&quot;http://www.jahonnews.uz/eng/sections/politics/meeting_of_islam_karimov_with_voters_of_samarkand_region-9852.mgr&quot;&gt;&lt;span style=&quot;color:rgb(0, 0, 255)&quot;&gt;&lt;span style=&quot;font-family:arial,helvetica,sans-serif&quot;&gt;Islam Karimov met with voters of Samarkand region&lt;/span&gt;&lt;/span&gt;&lt;/a&gt;&lt;/span&gt;&lt;/strong&gt;&lt;/p&gt;\r\n	&lt;/li&gt;\r\n	&lt;li&gt;\r\n	&lt;p&gt;&lt;strong&gt;&lt;span style=&quot;font-size:14px&quot;&gt;&lt;a href=&quot;http://www.jahonnews.uz/eng/sections/politics/a_view_from_the_uae_elections_another_step_towards_large_scale_reforms-32654.mgr&quot;&gt;&lt;span style=&quot;color:rgb(0, 0, 255)&quot;&gt;&lt;span style=&quot;font-family:arial,helvetica,sans-serif&quot;&gt;A view from the UAE: Elections - another step towards large-scale reforms&lt;/span&gt;&lt;/span&gt;&lt;/a&gt;&lt;/span&gt;&lt;/strong&gt;&lt;/p&gt;\r\n	&lt;/li&gt;\r\n	&lt;li&gt;\r\n	&lt;p&gt;&lt;strong&gt;&lt;span style=&quot;font-size:14px&quot;&gt;&lt;a href=&quot;http://www.uza.uz/en/politics/1osce-odihr-started-work-on-observing-the-presidential-electi-25-02-2015&quot;&gt;&lt;span style=&quot;color:rgb(0, 0, 255)&quot;&gt;&lt;span style=&quot;font-family:arial,helvetica,sans-serif&quot;&gt;OSCE ODIHR Started Work on Observing the Presidential Election&lt;/span&gt;&lt;/span&gt;&lt;/a&gt;&lt;/span&gt;&lt;/strong&gt;&lt;/p&gt;\r\n	&lt;/li&gt;\r\n	&lt;li&gt;\r\n	&lt;p&gt;&lt;strong&gt;&lt;span style=&quot;font-size:14px&quot;&gt;&lt;a href=&quot;http://news.uzreport.uz/news_2_e_129674.html&quot;&gt;&lt;span style=&quot;color:rgb(0, 0, 255)&quot;&gt;&lt;span style=&quot;font-family:arial,helvetica,sans-serif&quot;&gt;Akmal Saidov met with voters of Samarkand region&lt;/span&gt;&lt;/span&gt;&lt;/a&gt;&lt;/span&gt;&lt;/strong&gt;&lt;/p&gt;\r\n	&lt;/li&gt;\r\n	&lt;li&gt;\r\n	&lt;p&gt;&lt;strong&gt;&lt;span style=&quot;font-size:14px&quot;&gt;&lt;a href=&quot;http://news.uzreport.uz/news_2_e_129346.html&quot;&gt;&lt;span style=&quot;color:rgb(0, 0, 255)&quot;&gt;&lt;span style=&quot;font-family:arial,helvetica,sans-serif&quot;&gt;Islam Karimov met with voters of Surkhandarya region&lt;/span&gt;&lt;/span&gt;&lt;/a&gt;&lt;/span&gt;&lt;/strong&gt;&lt;/p&gt;\r\n	&lt;/li&gt;\r\n	&lt;li&gt;\r\n	&lt;p&gt;&lt;strong&gt;&lt;span style=&quot;font-size:14px&quot;&gt;&lt;a href=&quot;http://news.uzreport.uz/news_2_e_129632.html&quot;&gt;&lt;span style=&quot;color:rgb(0, 0, 255)&quot;&gt;&lt;span style=&quot;font-family:arial,helvetica,sans-serif&quot;&gt;Hotamjon Ketmonov met with voters of Syrdarya region&lt;/span&gt;&lt;/span&gt;&lt;/a&gt;&lt;/span&gt;&lt;/strong&gt;&lt;/p&gt;\r\n	&lt;/li&gt;\r\n	&lt;li&gt;\r\n	&lt;p&gt;&lt;strong&gt;&lt;span style=&quot;font-size:14px&quot;&gt;&lt;a href=&quot;http://news.uzreport.uz/news_2_e_129628.html&quot;&gt;&lt;span style=&quot;color:rgb(0, 0, 255)&quot;&gt;&lt;span style=&quot;font-family:arial,helvetica,sans-serif&quot;&gt;The CEC held a seminar for members of precinct election commissions&lt;/span&gt;&lt;/span&gt;&lt;/a&gt;&lt;/span&gt;&lt;/strong&gt;&lt;/p&gt;\r\n	&lt;/li&gt;\r\n	&lt;li&gt;\r\n	&lt;p&gt;&lt;strong&gt;&lt;span style=&quot;font-size:14px&quot;&gt;&lt;a href=&quot;http://news.uzreport.uz/news_2_e_129605.html&quot;&gt;&lt;span style=&quot;color:rgb(0, 0, 255)&quot;&gt;&lt;span style=&quot;font-family:arial,helvetica,sans-serif&quot;&gt;Narimon Umarov met with voters of Andijan region&lt;/span&gt;&lt;/span&gt;&lt;/a&gt;&lt;/span&gt;&lt;/strong&gt;&lt;/p&gt;\r\n	&lt;/li&gt;\r\n	&lt;li&gt;\r\n	&lt;p&gt;&lt;strong&gt;&lt;span style=&quot;font-size:14px&quot;&gt;&lt;a href=&quot;http://news.uzreport.uz/news_2_e_129380.html&quot;&gt;&lt;span style=&quot;color:rgb(0, 0, 255)&quot;&gt;&lt;span style=&quot;font-family:arial,helvetica,sans-serif&quot;&gt;CEC to register observers from CIS and OSCE&lt;/span&gt;&lt;/span&gt;&lt;/a&gt;&lt;/span&gt;&lt;/strong&gt;&lt;/p&gt;\r\n	&lt;/li&gt;\r\n	&lt;li&gt;\r\n	&lt;p&gt;&lt;strong&gt;&lt;span style=&quot;color:rgb(0, 0, 255)&quot;&gt;&lt;span style=&quot;font-size:14px&quot;&gt;&lt;span style=&quot;font-family:arial,helvetica,sans-serif&quot;&gt;Nariman Umarov held a meeting with voters of the city of Tashkent&lt;/span&gt;&lt;/span&gt;&lt;/span&gt;&lt;/strong&gt;&lt;/p&gt;\r\n	&lt;/li&gt;\r\n	&lt;li&gt;\r\n	&lt;p&gt;&lt;strong&gt;&lt;span style=&quot;font-size:14px&quot;&gt;&lt;a href=&quot;http://www.jahonnews.uz/eng/events_and_dates/elections_of_the_president_of_the_republic_of_uzbekistan2015/election_of_president_of_uzbekistan_in_focus_of_the_egyptian_press-654548.mgr&quot;&gt;&lt;span style=&quot;color:rgb(0, 0, 255)&quot;&gt;&lt;span style=&quot;font-family:arial,helvetica,sans-serif&quot;&gt;Election of President of Uzbekistan - in focus of the Egyptian press&lt;/span&gt;&lt;/span&gt;&lt;/a&gt;&lt;/span&gt;&lt;/strong&gt;&lt;/p&gt;\r\n	&lt;/li&gt;\r\n	&lt;li&gt;\r\n	&lt;p&gt;&lt;strong&gt;&lt;span style=&quot;font-size:14px&quot;&gt;&lt;a href=&quot;http://www.jahonnews.uz/eng/events_and_dates/elections_of_the_president_of_the_republic_of_uzbekistan2015/the_german_press_on_the_presidential_elections_in_uzbekistan-255474.mgr&quot;&gt;&lt;span style=&quot;color:rgb(0, 0, 255)&quot;&gt;&lt;span style=&quot;font-family:arial,helvetica,sans-serif&quot;&gt;The German press on the presidential elections in Uzbekistan&lt;/span&gt;&lt;/span&gt;&lt;/a&gt;&lt;/span&gt;&lt;/strong&gt;&lt;/p&gt;\r\n	&lt;/li&gt;\r\n	&lt;li&gt;\r\n	&lt;p&gt;&lt;strong&gt;&lt;span style=&quot;font-size:14px&quot;&gt;&lt;a href=&quot;http://www.elections.uz/en/events/news/4509/&quot;&gt;&lt;span style=&quot;color:rgb(0, 0, 255)&quot;&gt;&lt;span style=&quot;font-family:arial,helvetica,sans-serif&quot;&gt;Preparing and conducting the election of the President of the Republic of Uzbekistan&lt;/span&gt;&lt;/span&gt;&lt;/a&gt;&lt;/span&gt;&lt;/strong&gt;&lt;/p&gt;\r\n	&lt;/li&gt;\r\n	&lt;li&gt;\r\n	&lt;p&gt;&lt;a href=&quot;http://www.elections.uz/en/events/news/3840/&quot;&gt;&lt;span style=&quot;color:rgb(0, 0, 255)&quot;&gt;&lt;span style=&quot;font-size:14px&quot;&gt;&lt;span style=&quot;font-family:arial,helvetica,sans-serif&quot;&gt;&lt;strong&gt;Citizens of Uzbekistan Actively Participate in the Elections&lt;/strong&gt;&lt;/span&gt;&lt;/span&gt;&lt;/span&gt;&lt;/a&gt;&lt;/p&gt;\r\n	&lt;/li&gt;\r\n	&lt;li&gt;\r\n	&lt;p&gt;&lt;a href=&quot;http://www.elections.uz/en/events/news/3215/&quot;&gt;&lt;span style=&quot;color:rgb(0, 0, 255)&quot;&gt;&lt;span style=&quot;font-size:14px&quot;&gt;&lt;span style=&quot;font-family:arial,helvetica,sans-serif&quot;&gt;&lt;strong&gt;Participation of women in the electoral process&lt;/strong&gt;&lt;/span&gt;&lt;/span&gt;&lt;/span&gt;&lt;/a&gt;&lt;/p&gt;\r\n	&lt;/li&gt;\r\n	&lt;li&gt;\r\n	&lt;p&gt;&lt;a href=&quot;http://www.jahonnews.uz/eng/events_and_dates/elections_of_the_president_of_the_republic_of_uzbekistan2015/briefing_in_ashgabat-321324.mgr&quot;&gt;&lt;span style=&quot;color:rgb(0, 0, 255)&quot;&gt;&lt;span style=&quot;font-size:14px&quot;&gt;&lt;span style=&quot;font-family:arial,helvetica,sans-serif&quot;&gt;&lt;strong&gt;Briefing in Ashgabat&lt;/strong&gt;&lt;/span&gt;&lt;/span&gt;&lt;/span&gt;&lt;/a&gt;&lt;/p&gt;\r\n	&lt;/li&gt;\r\n	&lt;li&gt;\r\n	&lt;p&gt;&lt;a href=&quot;http://www.jahonnews.uz/eng/sections/politics/uzbekistan_on_the_path_of_democratization_and_improvement_of_electoral_legislation-6524.mgr&quot;&gt;&lt;span style=&quot;color:rgb(0, 0, 255)&quot;&gt;&lt;span style=&quot;font-size:14px&quot;&gt;&lt;span style=&quot;font-family:arial,helvetica,sans-serif&quot;&gt;&lt;strong&gt;&amp;quot;Uzbekistan on the path of democratization and improvement of electoral legislation&amp;quot;&lt;/strong&gt;&lt;/span&gt;&lt;/span&gt;&lt;/span&gt;&lt;/a&gt;&lt;/p&gt;\r\n	&lt;/li&gt;\r\n	&lt;li&gt;\r\n	&lt;p&gt;&lt;a href=&quot;http://www.jahonnews.uz/eng/sections/politics/arzu_tv_on_the_presidential_elections_in_uzbekistan-653247.mgr&quot;&gt;&lt;span style=&quot;color:rgb(0, 0, 255)&quot;&gt;&lt;span style=&quot;font-size:14px&quot;&gt;&lt;span style=&quot;font-family:arial,helvetica,sans-serif&quot;&gt;&lt;strong&gt;&amp;quot;Arzu TV&amp;quot; on the presidential elections in Uzbekistan&lt;/strong&gt;&lt;/span&gt;&lt;/span&gt;&lt;/span&gt;&lt;/a&gt;&lt;/p&gt;\r\n	&lt;/li&gt;\r\n	&lt;li&gt;\r\n	&lt;p&gt;&lt;a href=&quot;http://www.jahonnews.uz/eng/sections/politics/presidential_elections_in_uzbekistan_in_spotlight_of_osservatorio_italiano-63534.mgr&quot;&gt;&lt;span style=&quot;color:rgb(0, 0, 255)&quot;&gt;&lt;span style=&quot;font-size:14px&quot;&gt;&lt;span style=&quot;font-family:arial,helvetica,sans-serif&quot;&gt;&lt;strong&gt;Presidential elections in Uzbekistan in spotlight of Osservatorio Italiano&lt;/strong&gt;&lt;/span&gt;&lt;/span&gt;&lt;/span&gt;&lt;/a&gt;&lt;/p&gt;\r\n	&lt;/li&gt;\r\n	&lt;li&gt;\r\n	&lt;p&gt;&lt;a href=&quot;http://www.jahonnews.uz/eng/events_and_dates/elections_of_the_president_of_the_republic_of_uzbekistan2015/presidential_elections_an_important_step_towards_building_a_democratic_state_of_law_in_uzbekistan-9.mgr&quot;&gt;&lt;span style=&quot;color:rgb(0, 0, 255)&quot;&gt;&lt;span style=&quot;font-family:arial,helvetica,sans-serif&quot;&gt;&lt;span style=&quot;font-size:14px&quot;&gt;&lt;strong&gt;Presidential elections - an important step towards building a democratic state of law in Uzbekistan&lt;/strong&gt;&lt;/span&gt;&lt;/span&gt;&lt;/span&gt;&lt;/a&gt;&lt;/p&gt;\r\n	&lt;/li&gt;\r\n	&lt;li&gt;\r\n	&lt;p&gt;&lt;a href=&quot;http://www.jahonnews.uz/eng/events_and_dates/elections_of_the_president_of_the_republic_of_uzbekistan2015/preparation_for_elections_in_full_swing-254.mgr&quot;&gt;&lt;span style=&quot;color:rgb(0, 0, 255)&quot;&gt;&lt;span style=&quot;font-size:14px&quot;&gt;&lt;span style=&quot;font-family:arial,helvetica,sans-serif&quot;&gt;&lt;strong&gt;Preparation for elections in full swing&lt;/strong&gt;&lt;/span&gt;&lt;/span&gt;&lt;/span&gt;&lt;/a&gt;&lt;/p&gt;\r\n	&lt;/li&gt;\r\n	&lt;li&gt;\r\n	&lt;p&gt;&lt;a href=&quot;http://www.jahonnews.uz/eng/events_and_dates/elections_of_the_president_of_the_republic_of_uzbekistan2015/alaeddin_yalchynkay_elections_in_uzbekistan-6478.mgr&quot;&gt;&lt;span style=&quot;color:rgb(0, 0, 255)&quot;&gt;&lt;span style=&quot;font-size:14px&quot;&gt;&lt;span style=&quot;font-family:arial,helvetica,sans-serif&quot;&gt;&lt;strong&gt;Alaeddin Yalchynkay: &amp;quot;Elections in Uzbekistan&amp;quot;&lt;/strong&gt;&lt;/span&gt;&lt;/span&gt;&lt;/span&gt;&lt;/a&gt;&lt;/p&gt;\r\n	&lt;/li&gt;\r\n	&lt;li&gt;\r\n	&lt;p&gt;&lt;a href=&quot;http://www.jahonnews.uz/eng/events_and_dates/elections_of_the_president_of_the_republic_of_uzbekistan2015/the_presidential_election_an_important_step_towards_building_a_democratic_legal_state_in_uzbekistan.mgr&quot;&gt;&lt;span style=&quot;color:rgb(0, 0, 255)&quot;&gt;&lt;span style=&quot;font-size:14px&quot;&gt;&lt;span style=&quot;font-family:arial,helvetica,sans-serif&quot;&gt;&lt;strong&gt;The presidential election - an important step towards building a democratic legal state in Uzbekistan&lt;/strong&gt;&lt;/span&gt;&lt;/span&gt;&lt;/span&gt;&lt;/a&gt;&lt;/p&gt;\r\n	&lt;/li&gt;\r\n	&lt;li&gt;\r\n	&lt;p&gt;&lt;a href=&quot;http://www.jahonnews.uz/eng/events_and_dates/elections_of_the_president_of_the_republic_of_uzbekistan2015/diplomatic_magazine_about_the_upcoming_presidential_elections_in_uzbekistan.mgr&quot;&gt;&lt;span style=&quot;color:rgb(0, 0, 255)&quot;&gt;&lt;span style=&quot;font-size:14px&quot;&gt;&lt;span style=&quot;font-family:arial,helvetica,sans-serif&quot;&gt;&lt;strong&gt;Diplomatic Magazine about the upcoming presidential elections in Uzbekistan&lt;/strong&gt;&lt;/span&gt;&lt;/span&gt;&lt;/span&gt;&lt;/a&gt;&lt;/p&gt;\r\n	&lt;/li&gt;\r\n	&lt;li&gt;\r\n	&lt;p&gt;&lt;a href=&quot;http://www.jahonnews.uz/eng/events_and_dates/elections_of_the_president_of_the_republic_of_uzbekistan2015/in_central_election_commission-167215.mgr&quot;&gt;&lt;span style=&quot;color:rgb(0, 0, 255)&quot;&gt;&lt;span style=&quot;font-size:14px&quot;&gt;&lt;span style=&quot;font-family:arial,helvetica,sans-serif&quot;&gt;&lt;strong&gt;In Central Election Commission&lt;/strong&gt;&lt;/span&gt;&lt;/span&gt;&lt;/span&gt;&lt;/a&gt;&lt;/p&gt;\r\n	&lt;/li&gt;\r\n	&lt;li&gt;\r\n	&lt;p&gt;&lt;a href=&quot;http://www.jahonnews.uz/eng/events_and_dates/elections_of_the_president_of_the_republic_of_uzbekistan2015/development_processes_in_uzbekistan_being_studied_in_pakistan-654625.mgr&quot;&gt;&lt;span style=&quot;font-size:14px&quot;&gt;&lt;span style=&quot;color:rgb(0, 0, 255)&quot;&gt;&lt;span style=&quot;font-family:arial,helvetica,sans-serif&quot;&gt;&lt;strong&gt;Development processes in Uzbekistan being studied in Pakistan&lt;/strong&gt;&lt;/span&gt;&lt;/span&gt;&lt;/span&gt;&lt;/a&gt;&lt;/p&gt;\r\n	&lt;/li&gt;\r\n	&lt;li&gt;\r\n	&lt;p&gt;&lt;a href=&quot;http://www.elections.uz/en/events/news/4510/&quot;&gt;&lt;span style=&quot;color:rgb(0, 0, 255)&quot;&gt;&lt;span style=&quot;font-size:14px&quot;&gt;&lt;span style=&quot;font-family:arial,helvetica,sans-serif&quot;&gt;&lt;strong&gt;The meeting at the Central Election Commission&lt;/strong&gt;&lt;/span&gt;&lt;/span&gt;&lt;/span&gt;&lt;/a&gt;&lt;/p&gt;\r\n	&lt;/li&gt;\r\n	&lt;li&gt;\r\n	&lt;p&gt;&lt;span style=&quot;font-size:14px&quot;&gt;&lt;span style=&quot;font-family:arial,helvetica,sans-serif&quot;&gt;&lt;strong&gt;&lt;a href=&quot;http://www.elections.uz/en/events/news/4460/&quot;&gt;&lt;span style=&quot;color:rgb(0, 0, 255)&quot;&gt;Main measures on preparing and conducting the elections&lt;/span&gt;&lt;/a&gt;&lt;/strong&gt;&lt;/span&gt;&lt;/span&gt;&lt;/p&gt;\r\n	&lt;/li&gt;\r\n	&lt;li&gt;\r\n	&lt;p&gt;&lt;a href=&quot;http://www.elections.uz/en/events/news/4458/&quot;&gt;&lt;span style=&quot;font-size:14px&quot;&gt;&lt;span style=&quot;font-family:arial,helvetica,sans-serif&quot;&gt;&lt;strong&gt;&lt;span style=&quot;color:rgb(0, 0, 255)&quot;&gt;E&lt;/span&gt;&lt;/strong&gt;&lt;/span&gt;&lt;/span&gt;&lt;/a&gt;&lt;span style=&quot;font-size:14px&quot;&gt;&lt;span style=&quot;font-family:arial,helvetica,sans-serif&quot;&gt;&lt;strong&gt;&lt;a href=&quot;http://www.elections.uz/en/events/news/4458/&quot;&gt;&lt;span style=&quot;color:rgb(0, 0, 255)&quot;&gt;stablishment of polling stations for the election&lt;/span&gt;&lt;/a&gt;&lt;/strong&gt;&lt;/span&gt;&lt;/span&gt;&lt;/p&gt;\r\n	&lt;/li&gt;\r\n	&lt;li&gt;\r\n	&lt;p&gt;&lt;a href=&quot;http://www.elections.uz/en/events/news/4241/&quot;&gt;&lt;span style=&quot;color:rgb(0, 0, 255)&quot;&gt;&lt;span style=&quot;font-size:14px&quot;&gt;&lt;span style=&quot;font-family:arial,helvetica,sans-serif&quot;&gt;&lt;strong&gt;Briefing devoted to the stages of the election campaign&lt;/strong&gt;&lt;/span&gt;&lt;/span&gt;&lt;/span&gt;&lt;/a&gt;&lt;/p&gt;\r\n	&lt;/li&gt;\r\n	&lt;li&gt;\r\n	&lt;p&gt;&lt;a href=&quot;http://www.jahonnews.uz/eng/sections/politics/pmorvidj_the_peculiarity_of_the_uzbek_electoral_system_is_a_harmonious_relationship_between_the_people_and_the_electoral_authorities.mgr&quot;&gt;&lt;span style=&quot;color:rgb(0, 0, 255)&quot;&gt;&lt;span style=&quot;font-size:14px&quot;&gt;&lt;span style=&quot;font-family:arial,helvetica,sans-serif&quot;&gt;&lt;strong&gt;P.Morvidj: &amp;quot;The peculiarity of the Uzbek electoral system is a harmonious relationship between the people and the electoral authorities&amp;quot;&lt;/strong&gt;&amp;nbsp;&lt;/span&gt;&lt;/span&gt;&lt;/span&gt;&lt;/a&gt;&lt;/p&gt;\r\n	&lt;/li&gt;\r\n	&lt;li&gt;\r\n	&lt;p&gt;&lt;a href=&quot;http://www.jahonnews.uz/eng/sections/politics/luigi_iperti_election_of_the_president_of_the_republic_definition_of_the_future_of_the_country-654651.mgr&quot;&gt;&lt;span style=&quot;color:rgb(0, 0, 255)&quot;&gt;&lt;span style=&quot;font-family:arial,helvetica,sans-serif&quot;&gt;&lt;span style=&quot;font-size:14px&quot;&gt;&lt;strong&gt;Luigi Iperti: &amp;quot;Election of the President of the Republic - definition of the future of the country&amp;quot;&lt;/strong&gt;&lt;/span&gt;&lt;/span&gt;&lt;/span&gt;&lt;/a&gt;&lt;/p&gt;\r\n	&lt;/li&gt;\r\n	&lt;li&gt;\r\n	&lt;p&gt;&lt;a href=&quot;http://www.jahonnews.uz/eng/sections/politics/rocco_abram_presidential_elections_in_uzbekistan_integral_factor_of_democratic_legal_state-56461.mgr&quot;&gt;&lt;span style=&quot;color:rgb(0, 0, 255)&quot;&gt;&lt;span style=&quot;font-size:14px&quot;&gt;&lt;span style=&quot;font-family:arial,helvetica,sans-serif&quot;&gt;&lt;strong&gt;Rocco Abram: &amp;quot;Presidential elections in Uzbekistan integral factor of democratic legal state&amp;quot;&lt;/strong&gt;&lt;/span&gt;&lt;/span&gt;&lt;/span&gt;&lt;/a&gt;&lt;/p&gt;\r\n	&lt;/li&gt;\r\n	&lt;li&gt;\r\n	&lt;p&gt;&lt;a href=&quot;http://www.jahonnews.uz/eng/sections/politics/afghan_experts_the_people_of_uzbekistan_for_stability_and_prosperity.mgr&quot;&gt;&lt;span style=&quot;color:rgb(0, 0, 255)&quot;&gt;&lt;span style=&quot;font-size:14px&quot;&gt;&lt;span style=&quot;font-family:arial,helvetica,sans-serif&quot;&gt;&lt;strong&gt;Afghan experts: The people of Uzbekistan for stability and prosperity&lt;/strong&gt;&lt;/span&gt;&lt;/span&gt;&lt;/span&gt;&lt;/a&gt;&lt;/p&gt;\r\n	&lt;/li&gt;\r\n	&lt;li&gt;\r\n	&lt;p&gt;&lt;a href=&quot;http://www.jahonnews.uz/eng/sections/politics/seminar_in_osaka-32131.mgr&quot;&gt;&lt;span style=&quot;color:rgb(0, 0, 255)&quot;&gt;&lt;span style=&quot;font-size:14px&quot;&gt;&lt;span style=&quot;font-family:arial,helvetica,sans-serif&quot;&gt;&lt;strong&gt;Seminar in Osaka&lt;/strong&gt;&lt;/span&gt;&lt;/span&gt;&lt;/span&gt;&lt;/a&gt;&lt;/p&gt;\r\n	&lt;/li&gt;\r\n	&lt;li&gt;\r\n	&lt;p&gt;&lt;a href=&quot;http://news.uzreport.uz/news_2_e_129421.html&quot;&gt;&lt;span style=&quot;color:rgb(0, 0, 255)&quot;&gt;&lt;span style=&quot;font-size:14px&quot;&gt;&lt;span style=&quot;font-family:arial,helvetica,sans-serif&quot;&gt;&lt;strong&gt;OSCE mission on monitoring of the presidential election started its work in Uzbekistan&lt;/strong&gt;&lt;/span&gt;&lt;/span&gt;&lt;/span&gt;&lt;/a&gt;&lt;/p&gt;\r\n	&lt;/li&gt;\r\n	&lt;li&gt;\r\n	&lt;p&gt;&lt;a href=&quot;http://www.jahonnews.uz/eng/sections/politics/meeting_with_the_head_of_the_mission_of_observers-65236.mgr&quot;&gt;&lt;span style=&quot;color:rgb(0, 0, 255)&quot;&gt;&lt;span style=&quot;font-size:14px&quot;&gt;&lt;span style=&quot;font-family:arial,helvetica,sans-serif&quot;&gt;&lt;strong&gt;Meeting with the head of the Mission of Observers&lt;/strong&gt;&lt;/span&gt;&lt;/span&gt;&lt;/span&gt;&lt;/a&gt;&lt;/p&gt;\r\n	&lt;/li&gt;\r\n	&lt;li&gt;\r\n	&lt;p&gt;&lt;a href=&quot;http://uzdaily.com/articles-id-31322.htm&quot;&gt;&lt;span style=&quot;color:rgb(0, 0, 255)&quot;&gt;&lt;span style=&quot;font-size:14px&quot;&gt;&lt;span style=&quot;font-family:arial,helvetica,sans-serif&quot;&gt;&lt;strong&gt;Milliy Tiklanish officials meet OSCE/ODIHR mission&lt;/strong&gt;&lt;/span&gt;&lt;/span&gt;&lt;/span&gt;&lt;/a&gt;&lt;/p&gt;\r\n	&lt;/li&gt;\r\n	&lt;li&gt;\r\n	&lt;p&gt;&lt;a href=&quot;http://uzdaily.com/articles-id-31320.htm&quot;&gt;&lt;span style=&quot;color:rgb(0, 0, 255)&quot;&gt;&lt;span style=&quot;font-size:14px&quot;&gt;&lt;span style=&quot;font-family:arial,helvetica,sans-serif&quot;&gt;&lt;strong&gt;Milliy Tiklanish focuses its efforts to agitation work&lt;/strong&gt;&lt;/span&gt;&lt;/span&gt;&lt;/span&gt;&lt;/a&gt;&lt;/p&gt;\r\n	&lt;/li&gt;\r\n	&lt;li&gt;\r\n	&lt;p&gt;&lt;a href=&quot;http://uzdaily.com/articles-id-31316.htm&quot;&gt;&lt;span style=&quot;color:rgb(0, 0, 255)&quot;&gt;&lt;span style=&quot;font-size:14px&quot;&gt;&lt;span style=&quot;font-family:arial,helvetica,sans-serif&quot;&gt;&lt;strong&gt;Trustee of candidate Islam Karimov met with voters in Fergana city&lt;/strong&gt;&lt;/span&gt;&lt;/span&gt;&lt;/span&gt;&lt;/a&gt;&lt;/p&gt;\r\n	&lt;/li&gt;\r\n	&lt;li&gt;\r\n	&lt;p&gt;&lt;a href=&quot;http://uzdaily.com/articles-id-31305.htm&quot;&gt;&lt;span style=&quot;color:rgb(0, 0, 255)&quot;&gt;&lt;span style=&quot;font-size:14px&quot;&gt;&lt;span style=&quot;font-family:arial,helvetica,sans-serif&quot;&gt;&lt;strong&gt;Uzbek FM holds meeting with head of OSCE/ODIHR mission&lt;/strong&gt;&lt;/span&gt;&lt;/span&gt;&lt;/span&gt;&lt;/a&gt;&lt;/p&gt;\r\n	&lt;/li&gt;\r\n	&lt;li&gt;\r\n	&lt;p&gt;&lt;a href=&quot;http://uzdaily.com/articles-id-31295.htm&quot;&gt;&lt;span style=&quot;color:rgb(0, 0, 255)&quot;&gt;&lt;span style=&quot;font-size:14px&quot;&gt;&lt;span style=&quot;font-family:arial,helvetica,sans-serif&quot;&gt;&lt;strong&gt;Uzbekistan Airways Technics hosts meeting on presidential elections&lt;/strong&gt;&lt;/span&gt;&lt;/span&gt;&lt;/span&gt;&lt;/a&gt;&lt;/p&gt;\r\n	&lt;/li&gt;\r\n	&lt;li&gt;\r\n	&lt;p&gt;&lt;a href=&quot;http://uzdaily.com/articles-id-31288.htm&quot;&gt;&lt;span style=&quot;color:rgb(0, 0, 255)&quot;&gt;&lt;span style=&quot;font-size:14px&quot;&gt;&lt;span style=&quot;font-family:arial,helvetica,sans-serif&quot;&gt;&lt;strong&gt;Authorized person of Islam Karimov meets with voters in Kamashi district&lt;/strong&gt;&lt;/span&gt;&lt;/span&gt;&lt;/span&gt;&lt;/a&gt;&lt;/p&gt;\r\n	&lt;/li&gt;\r\n	&lt;li&gt;\r\n	&lt;p&gt;&lt;a href=&quot;http://uzdaily.com/articles-id-31277.htm&quot;&gt;&lt;span style=&quot;color:rgb(0, 0, 255)&quot;&gt;&lt;span style=&quot;font-size:14px&quot;&gt;&lt;span style=&quot;font-family:arial,helvetica,sans-serif&quot;&gt;&lt;strong&gt;PDPU tries to win trust of voters&lt;/strong&gt;&lt;/span&gt;&lt;/span&gt;&lt;/span&gt;&lt;/a&gt;&lt;/p&gt;\r\n	&lt;/li&gt;\r\n	&lt;li&gt;\r\n	&lt;p&gt;&lt;a href=&quot;http://uzdaily.com/articles-id-31273.htm&quot;&gt;&lt;span style=&quot;color:rgb(0, 0, 255)&quot;&gt;&lt;span style=&quot;font-size:14px&quot;&gt;&lt;span style=&quot;font-family:arial,helvetica,sans-serif&quot;&gt;&lt;strong&gt;Authorized person of UzLiDeP candidate meets with voters&lt;/strong&gt;&lt;/span&gt;&lt;/span&gt;&lt;/span&gt;&lt;/a&gt;&lt;/p&gt;\r\n	&lt;/li&gt;\r\n	&lt;li&gt;\r\n	&lt;p&gt;&lt;a href=&quot;http://uzdaily.com/articles-id-31270.htm&quot;&gt;&lt;span style=&quot;color:rgb(0, 0, 255)&quot;&gt;&lt;span style=&quot;font-size:14px&quot;&gt;&lt;span style=&quot;font-family:arial,helvetica,sans-serif&quot;&gt;&lt;strong&gt;CEC of Belarus to monitor presidential elections in Uzbekistan&lt;/strong&gt;&lt;/span&gt;&lt;/span&gt;&lt;/span&gt;&lt;/a&gt;&lt;/p&gt;\r\n	&lt;/li&gt;\r\n	&lt;li&gt;\r\n	&lt;p&gt;&lt;a href=&quot;http://uzdaily.com/articles-id-31241.htm&quot;&gt;&lt;span style=&quot;color:rgb(0, 0, 255)&quot;&gt;&lt;span style=&quot;font-size:14px&quot;&gt;&lt;span style=&quot;font-family:arial,helvetica,sans-serif&quot;&gt;&lt;strong&gt;Islam Karimov meets with voters of Karakalpakstan, Khorezm region&lt;/strong&gt;&lt;/span&gt;&lt;/span&gt;&lt;/span&gt;&lt;/a&gt;&lt;/p&gt;\r\n	&lt;/li&gt;\r\n	&lt;li&gt;\r\n	&lt;p&gt;&lt;a href=&quot;http://uzdaily.com/articles-id-31184.htm&quot;&gt;&lt;span style=&quot;color:rgb(0, 0, 255)&quot;&gt;&lt;span style=&quot;font-family:arial,helvetica,sans-serif&quot;&gt;&lt;span style=&quot;font-size:14px&quot;&gt;&lt;strong&gt;OSCE/ODIHR observers hold talks at CEC&lt;/strong&gt;&lt;/span&gt;&lt;/span&gt;&lt;/span&gt;&lt;/a&gt;&lt;/p&gt;\r\n	&lt;/li&gt;\r\n	&lt;li&gt;\r\n	&lt;p&gt;&lt;a href=&quot;http://uza.uz/en/politics/1next-stage-of-electoral-process-completed-12-02-2015&quot;&gt;&lt;span style=&quot;color:rgb(0, 0, 255)&quot;&gt;&lt;span style=&quot;font-size:14px&quot;&gt;&lt;span style=&quot;font-family:arial,helvetica,sans-serif&quot;&gt;&lt;strong&gt;Next Stage of Electoral Process Completed&lt;/strong&gt;&lt;/span&gt;&lt;/span&gt;&lt;/span&gt;&lt;/a&gt;&lt;/p&gt;\r\n	&lt;/li&gt;\r\n	&lt;li&gt;\r\n	&lt;p&gt;&lt;a href=&quot;http://www.jahonnews.uz/eng/sections/politics/business_week_on_the_candidates_for_the_post_of_the_president_of_uzbekistan.mgr&quot;&gt;&lt;span style=&quot;color:rgb(0, 0, 255)&quot;&gt;&lt;span style=&quot;font-size:14px&quot;&gt;&lt;span style=&quot;font-family:arial,helvetica,sans-serif&quot;&gt;&lt;strong&gt;&amp;quot;Business Week&amp;quot; on the candidates for the post of the President of Uzbekistan&lt;/strong&gt;&lt;/span&gt;&lt;/span&gt;&lt;/span&gt;&lt;/a&gt;&lt;/p&gt;\r\n	&lt;/li&gt;\r\n	&lt;li&gt;\r\n	&lt;p&gt;&lt;a href=&quot;http://www.jahonnews.uz/eng/sections/politics/uzbekistans_experience_in_the_field_of_democratic_elections_aroused_widespread_interest_in_indonesia-79.mgr&quot;&gt;&lt;span style=&quot;color:rgb(0, 0, 255)&quot;&gt;&lt;span style=&quot;font-size:14px&quot;&gt;&lt;span style=&quot;font-family:arial,helvetica,sans-serif&quot;&gt;&lt;strong&gt;Uzbekistan&amp;#39;s experience in the field of democratic elections aroused widespread interest in Indonesia&lt;/strong&gt;&lt;/span&gt;&lt;/span&gt;&lt;/span&gt;&lt;/a&gt;&lt;/p&gt;\r\n	&lt;/li&gt;\r\n	&lt;li&gt;\r\n	&lt;p&gt;&lt;a href=&quot;http://www.jahonnews.uz/eng/sections/politics/briefing_at_the_world_association_of_election_bodies.mgr&quot;&gt;&lt;span style=&quot;color:rgb(0, 0, 255)&quot;&gt;&lt;span style=&quot;font-size:14px&quot;&gt;&lt;span style=&quot;font-family:arial,helvetica,sans-serif&quot;&gt;&lt;strong&gt;Briefing at the World Association of election bodies&lt;/strong&gt;&lt;/span&gt;&lt;/span&gt;&lt;/span&gt;&lt;/a&gt;&lt;/p&gt;\r\n	&lt;/li&gt;\r\n	&lt;li&gt;\r\n	&lt;p&gt;&lt;a href=&quot;http://www.jahonnews.uz/eng/sections/politics/israeli_experts_uzbekistan_has_established_democratic_and_efficient_electoral_system-65623.mgr&quot;&gt;&lt;span style=&quot;color:rgb(0, 0, 255)&quot;&gt;&lt;span style=&quot;font-size:14px&quot;&gt;&lt;span style=&quot;font-family:arial,helvetica,sans-serif&quot;&gt;&lt;strong&gt;Israeli experts: &amp;quot;Uzbekistan has established democratic and efficient electoral system&amp;quot;&lt;/strong&gt;&lt;/span&gt;&lt;/span&gt;&lt;/span&gt;&lt;/a&gt;&lt;/p&gt;\r\n	&lt;/li&gt;\r\n	&lt;li&gt;\r\n	&lt;p&gt;&lt;a href=&quot;http://www.jahonnews.uz/eng/sections/politics/briefing_in_paris-56412.mgr&quot;&gt;&lt;span style=&quot;color:rgb(0, 0, 255)&quot;&gt;&lt;span style=&quot;font-size:14px&quot;&gt;&lt;span style=&quot;font-family:arial,helvetica,sans-serif&quot;&gt;&lt;strong&gt;Briefing in Paris&lt;/strong&gt;&lt;/span&gt;&lt;/span&gt;&lt;/span&gt;&lt;/a&gt;&lt;/p&gt;\r\n	&lt;/li&gt;\r\n	&lt;li&gt;\r\n	&lt;p&gt;&lt;a href=&quot;http://www.jahonnews.uz/eng/sections/politics/briefing_in_london-2165.mgr&quot;&gt;&lt;span style=&quot;color:rgb(0, 0, 255)&quot;&gt;&lt;span style=&quot;font-size:14px&quot;&gt;&lt;span style=&quot;font-family:arial,helvetica,sans-serif&quot;&gt;&lt;strong&gt;Briefing in London&lt;/strong&gt;&lt;/span&gt;&lt;/span&gt;&lt;/span&gt;&lt;/a&gt;&lt;/p&gt;\r\n	&lt;/li&gt;\r\n	&lt;li&gt;\r\n	&lt;p&gt;&lt;a href=&quot;http://www.jahonnews.uz/eng/sections/politics/round_table_in_iran-32658.mgr&quot;&gt;&lt;span style=&quot;color:rgb(0, 0, 255)&quot;&gt;&lt;span style=&quot;font-size:14px&quot;&gt;&lt;span style=&quot;font-family:arial,helvetica,sans-serif&quot;&gt;&lt;strong&gt;&amp;quot;Round Table&amp;quot; in Iran&lt;/strong&gt;&lt;/span&gt;&lt;/span&gt;&lt;/span&gt;&lt;/a&gt;&lt;/p&gt;\r\n	&lt;/li&gt;\r\n	&lt;li&gt;\r\n	&lt;p&gt;&lt;a href=&quot;http://www.jahonnews.uz/eng/sections/politics/indian_experts_the_people_of_uzbekistan_will_choose_the_most_worthy_candidate-654.mgr&quot;&gt;&lt;span style=&quot;color:rgb(0, 0, 255)&quot;&gt;&lt;span style=&quot;font-size:14px&quot;&gt;&lt;span style=&quot;font-family:arial,helvetica,sans-serif&quot;&gt;&lt;strong&gt;Indian experts: &amp;quot;The people of Uzbekistan will choose the most worthy candidate&amp;quot;&lt;/strong&gt;&lt;/span&gt;&lt;/span&gt;&lt;/span&gt;&lt;/a&gt;&lt;/p&gt;\r\n	&lt;/li&gt;\r\n	&lt;li&gt;\r\n	&lt;p&gt;&lt;a href=&quot;http://www.jahonnews.uz/eng/sections/science_and_education/briefing_at_east_china_university_of_political_science_and_law-56115.mgr&quot;&gt;&lt;span style=&quot;color:rgb(0, 0, 255)&quot;&gt;&lt;span style=&quot;font-size:14px&quot;&gt;&lt;span style=&quot;font-family:arial,helvetica,sans-serif&quot;&gt;&lt;strong&gt;Briefing at East China University of Political Science and Law&lt;/strong&gt;&lt;/span&gt;&lt;/span&gt;&lt;/span&gt;&lt;/a&gt;&lt;/p&gt;\r\n	&lt;/li&gt;\r\n	&lt;li&gt;\r\n	&lt;p&gt;&lt;a href=&quot;http://www.jahonnews.uz/eng/sections/world/excellent_prospects_of_uzbekistan-151564.mgr&quot;&gt;&lt;span style=&quot;color:rgb(0, 0, 255)&quot;&gt;&lt;span style=&quot;font-size:14px&quot;&gt;&lt;span style=&quot;font-family:arial,helvetica,sans-serif&quot;&gt;&lt;strong&gt;&amp;quot;Excellent prospects of Uzbekistan&amp;quot;&lt;/strong&gt;&lt;/span&gt;&lt;/span&gt;&lt;/span&gt;&lt;/a&gt;&lt;/p&gt;\r\n	&lt;/li&gt;\r\n	&lt;li&gt;\r\n	&lt;p&gt;&lt;a href=&quot;http://www.jahonnews.uz/eng/sections/politics/arab_news_all_political_parties_in_uzbekistan_are_participating_in_the_presidential_elections-21214.mgr&quot;&gt;&lt;span style=&quot;color:rgb(0, 0, 255)&quot;&gt;&lt;span style=&quot;font-size:14px&quot;&gt;&lt;span style=&quot;font-family:arial,helvetica,sans-serif&quot;&gt;&lt;strong&gt;Arab News: &amp;quot;All political parties in Uzbekistan are participating in the presidential elections&amp;quot;&lt;/strong&gt;&lt;/span&gt;&lt;/span&gt;&lt;/span&gt;&lt;/a&gt;&lt;/p&gt;\r\n	&lt;/li&gt;\r\n	&lt;li&gt;\r\n	&lt;p&gt;&lt;a href=&quot;http://www.jahonnews.uz/eng/sections/politics/the_process_of_collecting_voters_signatures_continues-23154.mgr&quot;&gt;&lt;span style=&quot;color:rgb(0, 0, 255)&quot;&gt;&lt;span style=&quot;font-size:14px&quot;&gt;&lt;span style=&quot;font-family:arial,helvetica,sans-serif&quot;&gt;&lt;strong&gt;The process of collecting voters&amp;#39; signatures continues&lt;/strong&gt;&lt;/span&gt;&lt;/span&gt;&lt;/span&gt;&lt;/a&gt;&lt;/p&gt;\r\n	&lt;/li&gt;\r\n	&lt;li&gt;\r\n	&lt;p&gt;&lt;a href=&quot;http://www.jahonnews.uz/eng/sections/politics/in_spanish_granada_was_discussed_the_course_of_the_election_campaign_of_the_president_of_uzbekistan-4213.mgr&quot;&gt;&lt;span style=&quot;color:rgb(0, 0, 255)&quot;&gt;&lt;span style=&quot;font-size:14px&quot;&gt;&lt;span style=&quot;font-family:arial,helvetica,sans-serif&quot;&gt;&lt;strong&gt;In Spanish Granada was discussed the course of the election campaign of the President of Uzbekistan&lt;/strong&gt;&lt;/span&gt;&lt;/span&gt;&lt;/span&gt;&lt;/a&gt;&lt;/p&gt;\r\n	&lt;/li&gt;\r\n	&lt;li&gt;\r\n	&lt;p&gt;&lt;a href=&quot;http://www.jahonnews.uz/eng/sections/politics/member_of_the_latvian_seim_inguna_sudraba_presidential_elections_in_uzbekistan_will_be_held_against_the_background_of_rapid_socio_economic_progress_of_country.mgr&quot;&gt;&lt;span style=&quot;color:rgb(0, 0, 255)&quot;&gt;&lt;span style=&quot;font-size:14px&quot;&gt;&lt;span style=&quot;font-family:arial,helvetica,sans-serif&quot;&gt;&lt;strong&gt;Member of the Latvian Seim Inguna Sudraba: &amp;quot;Presidential elections in Uzbekistan will be held against the background of rapid socio-economic progress of country&amp;quot;&lt;/strong&gt;&lt;/span&gt;&lt;/span&gt;&lt;/span&gt;&lt;/a&gt;&lt;/p&gt;\r\n	&lt;/li&gt;\r\n	&lt;li&gt;\r\n	&lt;p&gt;&lt;a href=&quot;http://uzdaily.com/articles-id-31349.htm&quot;&gt;&lt;span style=&quot;color:rgb(0, 0, 255)&quot;&gt;&lt;span style=&quot;font-size:14px&quot;&gt;&lt;span style=&quot;font-family:arial,helvetica,sans-serif&quot;&gt;&lt;strong&gt;About 300 foreign observers to observe presidential elections in Uzbekistan&lt;/strong&gt;&lt;/span&gt;&lt;/span&gt;&lt;/span&gt;&lt;/a&gt;&lt;/p&gt;\r\n	&lt;/li&gt;\r\n	&lt;li&gt;\r\n	&lt;p&gt;&lt;a href=&quot;http://www.jahonnews.uz/eng/sections/politics/the_chinese_press_there_is_an_active_election_campaign_in_uzbekistan-65462.mgr&quot;&gt;&lt;span style=&quot;color:rgb(0, 0, 255)&quot;&gt;&lt;span style=&quot;font-size:14px&quot;&gt;&lt;span style=&quot;font-family:arial,helvetica,sans-serif&quot;&gt;&lt;strong&gt;The Chinese press: &amp;quot;There is an active election campaign in Uzbekistan&lt;/strong&gt;&lt;/span&gt;&lt;/span&gt;&lt;/span&gt;&lt;/a&gt;&lt;/p&gt;\r\n	&lt;/li&gt;\r\n	&lt;li&gt;\r\n	&lt;p&gt;&lt;a href=&quot;http://www.jahonnews.uz/eng/sections/politics/mieczyslaw_bigoshevski_i_am_confident_that_elections_in_uzbekistan_will_be_held_in_accordance_with_democratic_standards.mgr&quot;&gt;&lt;span style=&quot;color:rgb(0, 0, 255)&quot;&gt;&lt;span style=&quot;font-size:14px&quot;&gt;&lt;span style=&quot;font-family:arial,helvetica,sans-serif&quot;&gt;&lt;strong&gt;Mieczyslaw Bigoshevski: &amp;quot;I am confident that elections in Uzbekistan will be held in accordance with democratic standards&amp;quot;&lt;/strong&gt;&lt;/span&gt;&lt;/span&gt;&lt;/span&gt;&lt;/a&gt;&lt;/p&gt;\r\n	&lt;/li&gt;\r\n	&lt;li&gt;\r\n	&lt;p&gt;&lt;a href=&quot;http://www.jahonnews.uz/eng/sections/society/the_most_important_event_in_the_life_of_the_country-6546.mgr&quot;&gt;&lt;span style=&quot;color:rgb(0, 0, 255)&quot;&gt;&lt;span style=&quot;font-size:14px&quot;&gt;&lt;span style=&quot;font-family:arial,helvetica,sans-serif&quot;&gt;&lt;strong&gt;The most important event in the life of the country&lt;/strong&gt;&lt;/span&gt;&lt;/span&gt;&lt;/span&gt;&lt;/a&gt;&lt;/p&gt;\r\n	&lt;/li&gt;\r\n	&lt;li&gt;\r\n	&lt;p&gt;&lt;a href=&quot;http://google.com&quot;&gt;&lt;span style=&quot;font-size:14px&quot;&gt;test&lt;/span&gt;&lt;/a&gt;&lt;/p&gt;\r\n	&lt;/li&gt;\r\n	&lt;li&gt;\r\n	&lt;p&gt;&lt;a href=&quot;http://google.com&quot;&gt;&lt;span style=&quot;font-size:14px&quot;&gt;test&lt;/spa','President sailovi - 2015','','','',NULL,NULL,NULL,NULL,'','71263a13a98bbd4ec04f4009aed2a762.png',NULL,NULL,'http://uzbekistan-embassy.or.id/public_assets/news/icon/e276f9979ae4c466702c18692773ad63.png',NULL,NULL,NULL,NULL,0);
/*!40000 ALTER TABLE `uzbemb_topical_issues` ENABLE KEYS */;
UNLOCK TABLES;

--
-- Table structure for table `uzbemb_video`
--

DROP TABLE IF EXISTS `uzbemb_video`;
/*!40101 SET @saved_cs_client     = @@character_set_client */;
/*!40101 SET character_set_client = utf8 */;
CREATE TABLE `uzbemb_video` (
  `id` int(11) NOT NULL AUTO_INCREMENT,
  `created_date` date NOT NULL,
  `posted_date` date NOT NULL,
  `expired_date` date DEFAULT NULL,
  `langid` tinyint(4) NOT NULL,
  `author_id` tinyint(4) DEFAULT NULL,
  `video_type` varchar(50) NOT NULL,
  `title_bhs` varchar(200) NOT NULL,
  `brief_bhs` text NOT NULL,
  `content_bhs` text NOT NULL,
  `title_en` varchar(200) NOT NULL,
  `brief_en` text NOT NULL,
  `content_en` text NOT NULL,
  `title_uzbek` varchar(200) NOT NULL,
  `brief_uzbek` text NOT NULL,
  `content_uzbek` text NOT NULL,
  `video` varchar(200) NOT NULL,
  `thumbnail_image` varchar(200) DEFAULT NULL,
  `file` varchar(200) NOT NULL,
  `filesize` int(11) DEFAULT NULL,
  `n_stats` int(11) NOT NULL,
  PRIMARY KEY (`id`)
) ENGINE=InnoDB AUTO_INCREMENT=3 DEFAULT CHARSET=utf8;
/*!40101 SET character_set_client = @saved_cs_client */;

--
-- Dumping data for table `uzbemb_video`
--

LOCK TABLES `uzbemb_video` WRITE;
/*!40000 ALTER TABLE `uzbemb_video` DISABLE KEYS */;
INSERT INTO `uzbemb_video` VALUES (1,'2014-12-20','2014-12-20',NULL,0,1,'file','','','','TASHKENT-CAPITAL OF ISLAMIC CULTURE','','','','','','fe206cce923637c4bb24a241c3ca6006.mp4',NULL,'http://localhost/uzbek/framework/public_assets/video/fe206cce923637c4bb24a241c3ca6006.mp4',NULL,1),(2,'2014-12-20','2014-12-20',NULL,0,1,'file','','','','99th Session of The Executive Council of The UN World Tourism Organization','','','','','','7b7d86c4655a4b9fbb6a5a7c3195d5fe.mp4',NULL,'http://localhost/uzbek/framework/public_assets/video/7b7d86c4655a4b9fbb6a5a7c3195d5fe.mp4',NULL,1);
/*!40000 ALTER TABLE `uzbemb_video` ENABLE KEYS */;
UNLOCK TABLES;
/*!40103 SET TIME_ZONE=@OLD_TIME_ZONE */;

/*!40101 SET SQL_MODE=@OLD_SQL_MODE */;
/*!40014 SET FOREIGN_KEY_CHECKS=@OLD_FOREIGN_KEY_CHECKS */;
/*!40014 SET UNIQUE_CHECKS=@OLD_UNIQUE_CHECKS */;
/*!40101 SET CHARACTER_SET_CLIENT=@OLD_CHARACTER_SET_CLIENT */;
/*!40101 SET CHARACTER_SET_RESULTS=@OLD_CHARACTER_SET_RESULTS */;
/*!40101 SET COLLATION_CONNECTION=@OLD_COLLATION_CONNECTION */;
/*!40111 SET SQL_NOTES=@OLD_SQL_NOTES */;

-- Dump completed on 2015-03-16 19:56:26
